date,game_pk,matchup,batting_team,opp_team,batter,batter_id,order,batter_hand,opp_pitcher,opp_pitcher_hand,batter_avg,batter_obp,batter_slg,batter_vs_hand_avg,batter_vs_hand_obp,batter_vs_hand_slg,pitcher_era,pitcher_whip,pitcher_ba_allowed,pitcher_xba_allowed,pitcher_woba_allowed,pitcher_vs_hand_baa,pitcher_vs_hand_xba,pitcher_vs_hand_woba,last15_hitter_avg,last15_pitcher_era,temp_c,wind_kph,precip,batter_whiff_pct,opp_team_defense_drs,bullpen_risk_flag,bullpen_fatigue_score,bullpen_adjustment,pitcher_whiff_pct,high_whiff_flag,elite_defense_flag,weak_defense_flag,context_adjustment,whiff_penalty,order_score,batter_avg_score,batter_split_score,pitcher_score,form_score,env_score,hit_score,game_rank,batter_api_name,team_name_api,had_hit,hit_count,single_count,double_count,triple_count,home_run_count,xbh_count,at_bats,plate_appearances,runs_scored,rbi,walks,strikeouts,result_label,graded_at,prev_game_hits,prev_game_zero_hit_flag,hit_count_x,single_count_x,double_count_x,triple_count_x,home_run_count_x,xbh_count_x,at_bats_x,plate_appearances_x,runs_scored_x,rbi_x,walks_x,strikeouts_x,source_file,pred_hit_probability,model_available_flag,model_rank,hit_count_y,single_count_y,double_count_y,triple_count_y,home_run_count_y,xbh_count_y,at_bats_y,plate_appearances_y,runs_scored_y,rbi_y,walks_y,strikeouts_y,prob_hit_1,prob_hit_2,had_hit_1,had_hit_2,had_run_1,pred_had_hit_1,pred_had_hit_1_label
2026-07-24,822707,Arizona Diamondbacks @ Washington Nationals,Arizona Diamondbacks,Washington Nationals,Ketel Marte,606466,1,R,Carson Palmquist,L,0.258,0.313,0.461,0.305,0.348,0.61,8.74,1.68,0.34,,,0.36,,,0.2611999999999999,5.911428571428572,,,,20.6,-6,0,0.0,0.0,0.0,0,0,1,0.02,0.0,1.0,0.2807017543859649,0.7313045489859498,0.7820301291248206,0.6441173458619802,0.6499999999999999,0.7990527778632306,1,Ketel Marte,Arizona Diamondbacks,1,1.0,1.0,0.0,0.0,0.0,0.0,5.0,5.0,1.0,1.0,0.0,2.0,single_only,2026-07-25T13:16:29Z,,,,,,,,,,,,,,,,,,,,,,,,,,,,,,,,,1,0,1,0.8145716041809796,1
2026-07-24,822707,Arizona Diamondbacks @ Washington Nationals,Arizona Diamondbacks,Washington Nationals,Geraldo Perdomo,672695,3,R,Carson Palmquist,L,0.236,0.355,0.353,0.228,0.311,0.317,8.74,1.68,0.34,,,0.36,,,0.2409999999999999,5.911428571428572,,,,12.2,-6,0,0.0,0.0,0.0,0,0,1,0.02,0.0,0.5,0.2324561403508771,0.5333264688950785,0.7820301291248206,0.5795806046479228,0.6499999999999999,0.6398777466584042,3,Geraldo Perdomo,Arizona Diamondbacks,0,0.0,0.0,0.0,0.0,0.0,0.0,3.0,5.0,0.0,0.0,2.0,2.0,no_hit,2026-07-25T13:16:29Z,,,,,,,,,,,,,,,,,,,,,,,,,,,,,,,,,0,0,0,0.6494038601585604,1
2026-07-24,822707,Arizona Diamondbacks @ Washington Nationals,Arizona Diamondbacks,Washington Nationals,Corbin Carroll,682998,2,R,Carson Palmquist,L,0.251,0.341,0.492,0.348,0.415,0.6,8.74,1.68,0.34,,,0.36,,,0.2567333333333333,5.911428571428572,,,,29.2,-6,0,0.0,0.0,0.0,0,0,1,0.02,0.01,0.75,0.2653508771929824,0.816288554314451,0.7820301291248206,0.6298468453294992,0.6499999999999999,0.7581582041154837,2,Corbin Carroll,Arizona Diamondbacks,1,1.0,1.0,0.0,0.0,0.0,0.0,3.0,5.0,0.0,0.0,2.0,0.0,single_only,2026-07-25T13:16:29Z,,,,,,,,,,,,,,,,,,,,,,,,,,,,,,,,,1,0,0,0.8400976529580452,1
2026-07-24,822872,Seattle Mariners @ Texas Rangers,Seattle Mariners,Texas Rangers,Randy Arozarena,668227,1,R,MacKenzie Gore,L,0.281,0.38,0.443,0.274,0.337,0.417,4.8,1.28,0.236,,,0.223,,,0.2845333333333333,4.451333333333333,,,,27.6,15,0,0.0,0.0,0.0,0,1,0,-0.03,0.01,1.0,0.331140350877193,0.6321964012765735,0.4296470710958781,0.6251221887046026,0.6499999999999999,0.6057115499535971,1,Randy Arozarena,Seattle Mariners,1,1.0,1.0,0.0,0.0,0.0,0.0,5.0,5.0,1.0,0.0,0.0,1.0,single_only,2026-07-25T13:16:29Z,,,,,,,,,,,,,,,,,,,,,,,,,,,,,,,,,1,0,1,0.30600922999815516,0
2026-07-24,822872,Seattle Mariners @ Texas Rangers,Seattle Mariners,Texas Rangers,Julio Rodríguez,677594,2,R,MacKenzie Gore,L,0.258,0.32,0.427,0.255,0.346,0.511,4.8,1.28,0.236,,,0.223,,,0.2528666666666667,4.451333333333333,,,,27.5,15,0,0.0,0.0,0.0,0,1,0,-0.03,0.01,0.75,0.2807017543859649,0.6401973643436226,0.4296470710958781,0.5239507297056676,0.6499999999999999,0.5425360718705191,2,Julio Rodríguez,Seattle Mariners,1,1.0,1.0,0.0,0.0,0.0,0.0,5.0,5.0,0.0,0.0,0.0,0.0,single_only,2026-07-25T13:16:29Z,,,,,,,,,,,,,,,,,,,,,,,,,,,,,,,,,1,0,0,0.3782472563861448,0
2026-07-24,822872,Seattle Mariners @ Texas Rangers,Seattle Mariners,Texas Rangers,Dominic Canzone,686527,3,R,MacKenzie Gore,L,0.257,0.333,0.502,0.25,0.447,0.464,4.8,1.28,0.236,,,0.223,,,0.2657333333333334,4.451333333333333,,,,25.0,15,0,0.0,0.0,0.0,0,1,0,-0.03,0.01,0.5,0.2785087719298246,0.672877683893073,0.4296470710958781,0.5650582909410244,0.6499999999999999,0.5068722859431852,3,Dominic Canzone,Seattle Mariners,1,1.0,0.0,1.0,0.0,0.0,1.0,4.0,4.0,0.0,2.0,0.0,1.0,double,2026-07-25T13:16:29Z,,,,,,,,,,,,,,,,,,,,,,,,,,,,,,,,,1,0,0,0.7737176885139411,1
2026-07-24,822952,Cleveland Guardians @ Tampa Bay Rays,Tampa Bay Rays,Cleveland Guardians,Yandy Díaz,650490,1,R,Joey Cantillo,L,0.307,0.382,0.467,0.305,0.38,0.486,3.74,1.42,0.249,,,0.259,,,0.3164666666666667,3.714,,,,14.2,7,0,0.0,0.0,0.0,0,0,0,0.0,0.0,1.0,0.3881578947368421,0.7124728339477233,0.4512185995584116,0.6799075768823035,0.6499999999999999,0.6804699248867998,1,Yandy Díaz,Tampa Bay Rays,0,0.0,0.0,0.0,0.0,0.0,0.0,4.0,5.0,0.0,0.0,1.0,2.0,no_hit,2026-07-25T13:16:29Z,,,,,,,,,,,,,,,,,,,,,,,,,,,,,,,,,0,0,0,0.6918727289428669,1
2026-07-24,822952,Cleveland Guardians @ Tampa Bay Rays,Tampa Bay Rays,Cleveland Guardians,Junior Caminero,691406,3,R,Joey Cantillo,L,0.287,0.378,0.553,0.333,0.455,0.596,3.74,1.42,0.249,,,0.259,,,0.2820666666666667,3.714,,,,22.4,7,0,0.0,0.0,0.0,0,0,0,0.0,0.0,0.5,0.344298245614035,0.8173067622748051,0.4512185995584116,0.5700034235276711,0.6499999999999999,0.5901927839653754,2,Junior Caminero,Tampa Bay Rays,1,1.0,1.0,0.0,0.0,0.0,0.0,5.0,5.0,0.0,0.0,0.0,0.0,single_only,2026-07-25T13:16:29Z,,,,,,,,,,,,,,,,,,,,,,,,,,,,,,,,,1,0,0,0.7542176041071119,1
2026-07-24,822952,Cleveland Guardians @ Tampa Bay Rays,Cleveland Guardians,Tampa Bay Rays,Chase DeLauter,800050,2,R,Shane McClanahan,L,0.284,0.349,0.448,0.363,0.405,0.51,3.16,1.15,0.216,,,0.241,,,0.2793333333333334,3.094666666666666,,,,25.0,6,0,0.0,0.0,0.0,0,0,0,0.0,0.01,0.75,0.337719298245614,0.8039667077017634,0.3469559586735968,0.5215924831583059,0.6499999999999999,0.5883173370012658,3,Chase DeLauter,Cleveland Guardians,1,1.0,0.0,1.0,0.0,0.0,1.0,3.0,4.0,1.0,0.0,1.0,0.0,double,2026-07-25T13:16:29Z,,,,,,,,,,,,,,,,,,,,,,,,,,,,,,,,,1,0,1,0.5566887611183862,1
2026-07-24,823031,Cincinnati Reds @ St. Louis Cardinals,Cincinnati Reds,St. Louis Cardinals,Elly De La Cruz,682829,1,R,Dustin May,R,0.276,0.351,0.503,0.259,0.335,0.44,4.78,1.32,0.261,,,0.225,,,0.2758,4.735333333333333,,,,27.5,-4,0,0.0,0.0,0.0,0,0,0,0.0,0.01,1.0,0.3201754385964913,0.6191824245680821,0.4599263110635986,0.6154149260954683,0.6499999999999999,0.5900857383754203,2,Elly De La Cruz,Cincinnati Reds,1,1.0,1.0,0.0,0.0,0.0,0.0,4.0,5.0,1.0,0.0,1.0,1.0,single_only,2026-07-25T13:16:29Z,,,,,,,,,,,,,,,,,,,,,,,,,,,,,,,,,1,0,1,0.87697430016158,1
2026-07-24,823031,Cincinnati Reds @ St. Louis Cardinals,St. Louis Cardinals,Cincinnati Reds,Jordan Walker,691023,2,R,Rhett Lowder,R,0.291,0.352,0.519,0.285,0.337,0.507,5.75,1.64,0.281,,,0.278,,,0.2922666666666666,4.5953333333333335,,,,30.9,-2,0,0.0,0.0,0.0,0,0,0,0.0,0.03,0.75,0.3530701754385965,0.6714851215952652,0.5899570555227127,0.6590548364833425,0.6499999999999999,0.5787166225281313,3,Jordan Walker,St. Louis Cardinals,0,0.0,0.0,0.0,0.0,0.0,0.0,4.0,4.0,0.0,0.0,0.0,1.0,no_hit,2026-07-25T13:16:29Z,,,,,,,,,,,,,,,,,,,,,,,,,,,,,,,,,0,0,0,0.8158946298584823,1
2026-07-24,823031,Cincinnati Reds @ St. Louis Cardinals,St. Louis Cardinals,Cincinnati Reds,JJ Wetherholt,802139,1,R,Rhett Lowder,R,0.259,0.352,0.403,0.26,0.353,0.416,5.75,1.64,0.281,,,0.278,,,0.2625333333333333,4.5953333333333335,,,,25.0,-2,0,0.0,0.0,0.0,0,0,0,0.0,0.01,1.0,0.2828947368421053,0.6228848400320705,0.5899570555227127,0.5640601612969742,0.6499999999999999,0.6223173508593773,1,JJ Wetherholt,St. Louis Cardinals,0,0.0,0.0,0.0,0.0,0.0,0.0,2.0,4.0,0.0,0.0,2.0,1.0,no_hit,2026-07-25T13:16:29Z,,,,,,,,,,,,,,,,,,,,,,,,,,,,,,,,,0,0,0,0.8099265009763258,1
2026-07-24,823352,Chicago Cubs @ Pittsburgh Pirates,Pittsburgh Pirates,Chicago Cubs,Jake Mangum,663968,1,R,Matthew Boyd,L,0.303,0.353,0.375,0.286,0.338,0.317,4.15,1.21,0.246,,,0.26,,,0.3062666666666667,6.332999999999999,,,,21.3,18,0,0.0,0.0,0.0,0,1,0,-0.03,0.0,1.0,0.3793859649122807,0.6190049208778784,0.4244371916771092,0.8151087265690007,0.6499999999999999,0.6393486967079524,1,Jake Mangum,Pittsburgh Pirates,1,2.0,2.0,0.0,0.0,0.0,0.0,5.0,5.0,0.0,0.0,0.0,0.0,multi_hit,2026-07-25T13:16:29Z,,,,,,,,,,,,,,,,,,,,,,,,,,,,,,,,,1,1,0,0.8274559157511077,1
2026-07-24,823352,Chicago Cubs @ Pittsburgh Pirates,Chicago Cubs,Pittsburgh Pirates,Pete Crow-Armstrong,691718,1,R,Jared Jones,R,0.282,0.383,0.517,0.279,0.369,0.543,4.05,1.1,0.213,,,0.153,,,0.2887333333333333,5.707777777777777,,,,28.3,5,0,0.0,0.0,0.0,0,0,0,0.0,0.01,1.0,0.3333333333333333,0.6909066138635287,0.3200935749103847,0.7190361632473841,0.6499999999999999,0.5816101504261051,3,Pete Crow-Armstrong,Chicago Cubs,1,2.0,0.0,1.0,0.0,1.0,2.0,4.0,5.0,1.0,1.0,1.0,2.0,multi_hit_xbh,2026-07-25T13:16:29Z,,,,,,,,,,,,,,,,,,,,,,,,,,,,,,,,,1,1,1,0.8447238427755012,1
2026-07-24,823352,Chicago Cubs @ Pittsburgh Pirates,Pittsburgh Pirates,Chicago Cubs,Nick Gonzales,693304,2,R,Matthew Boyd,L,0.313,0.371,0.415,0.274,0.328,0.34,4.15,1.21,0.246,,,0.26,,,0.3095999999999999,6.332999999999999,,,,24.5,18,0,0.0,0.0,0.0,0,1,0,-0.03,0.0,0.75,0.4013157894736842,0.6055589486286961,0.4244371916771092,0.8257583538320461,0.6499999999999999,0.5875846477351137,2,Nick Gonzales,Pittsburgh Pirates,1,1.0,1.0,0.0,0.0,0.0,0.0,5.0,5.0,0.0,1.0,0.0,0.0,single_only,2026-07-25T13:16:29Z,,,,,,,,,,,,,,,,,,,,,,,,,,,,,,,,,1,0,0,0.8214579706142671,1
2026-07-24,823434,New York Yankees @ Philadelphia Phillies,New York Yankees,Philadelphia Phillies,Paul Goldschmidt,502671,1,R,Jesús Luzardo,L,0.255,0.313,0.478,0.337,0.42,0.644,3.43,1.21,0.234,,,0.256,,,0.2635333333333333,4.442666666666668,,,,26.7,-7,0,0.0,0.0,0.0,0,0,1,0.02,0.01,1.0,0.2741228070175439,0.8178371121080963,0.3895108661474,0.5574742977674598,0.6499999999999999,0.679933682536363,1,Paul Goldschmidt,New York Yankees,1,1.0,0.0,0.0,0.0,1.0,1.0,4.0,4.0,1.0,1.0,0.0,2.0,home_run,2026-07-25T13:16:29Z,,,,,,,,,,,,,,,,,,,,,,,,,,,,,,,,,1,0,1,0.5877591015068055,1
2026-07-24,823434,New York Yankees @ Philadelphia Phillies,New York Yankees,Philadelphia Phillies,Amed Rosario,642708,3,R,Jesús Luzardo,L,0.235,0.281,0.451,0.207,0.265,0.391,3.43,1.21,0.234,,,0.256,,,0.2444,4.442666666666668,,,,25.0,-7,0,0.0,0.0,0.0,0,0,1,0.02,0.01,0.5,0.2302631578947368,0.5046781468713997,0.3895108661474,0.496345437277577,0.6499999999999999,0.4924746121537064,3,Amed Rosario,New York Yankees,0,0.0,0.0,0.0,0.0,0.0,0.0,3.0,3.0,0.0,0.0,0.0,1.0,no_hit,2026-07-25T13:16:29Z,,,,,,,,,,,,,,,,,,,,,,,,,,,,,,,,,0,0,0,0.1791627883380105,0
2026-07-24,823434,New York Yankees @ Philadelphia Phillies,New York Yankees,Philadelphia Phillies,Ben Rice,700250,2,R,Jesús Luzardo,L,0.277,0.366,0.59,0.272,0.336,0.52,3.43,1.21,0.234,,,0.256,,,0.2757333333333333,4.442666666666668,,,,24.2,-7,0,0.0,0.0,0.0,0,0,1,0.02,0.0,0.75,0.3223684210526316,0.6586068463452323,0.3895108661474,0.5964519335502073,0.6499999999999999,0.6059727614630592,2,Ben Rice,New York Yankees,0,0.0,0.0,0.0,0.0,0.0,0.0,4.0,4.0,0.0,0.0,0.0,3.0,no_hit,2026-07-25T13:16:29Z,,,,,,,,,,,,,,,,,,,,,,,,,,,,,,,,,0,0,0,0.4592800541000187,0
2026-07-24,823601,Los Angeles Dodgers @ New York Mets,Los Angeles Dodgers,New York Mets,Shohei Ohtani,660271,1,R,Sean Manaea,L,0.18,0.257,0.262,0.271,0.341,0.542,4.74,1.36,0.262,,,0.283,,,0.2896666666666667,5.383333333333334,,,,29.9,2,0,0.0,0.0,0.0,0,0,0,0.0,0.01,1.0,0.1096491228070175,0.6662383079144549,0.4946958508206354,0.701232181887871,0.6499999999999999,0.6751531595079849,1,Shohei Ohtani,Los Angeles Dodgers,1,2.0,1.0,1.0,0.0,0.0,1.0,4.0,5.0,0.0,1.0,0.0,1.0,multi_hit_xbh,2026-07-25T13:16:29Z,,,,,,,,,,,,,,,,,,,,,,,,,,,,,,,,,1,1,0,0.6348011516910592,1
2026-07-24,823601,Los Angeles Dodgers @ New York Mets,Los Angeles Dodgers,New York Mets,Tommy Edman,669242,3,R,Sean Manaea,L,0.36,0.439,0.535,0.348,0.483,0.565,4.74,1.36,0.262,,,0.283,,,0.3508666666666667,5.383333333333334,,,,25.0,2,0,0.0,0.0,0.0,0,0,0,0.0,0.01,0.5,0.5043859649122807,0.8414947564329106,0.4946958508206354,0.8967593384373918,0.6499999999999999,0.648296345120027,2,Tommy Edman,Los Angeles Dodgers,0,0.0,0.0,0.0,0.0,0.0,0.0,5.0,5.0,0.0,0.0,0.0,2.0,no_hit,2026-07-25T13:16:29Z,,,,,,,,,,,,,,,,,,,,,,,,,,,,,,,,,0,0,0,0.9532713549204281,1
2026-07-24,823601,Los Angeles Dodgers @ New York Mets,Los Angeles Dodgers,New York Mets,Andy Pages,681624,2,R,Sean Manaea,L,0.265,0.331,0.457,0.275,0.364,0.5,4.74,1.36,0.262,,,0.283,,,0.2670666666666667,5.383333333333334,,,,22.8,2,0,0.0,0.0,0.0,0,0,0,0.0,0.0,0.75,0.2960526315789474,0.6710995424617028,0.4946958508206354,0.6290277090444204,0.6499999999999999,0.6255377972182794,3,Andy Pages,Los Angeles Dodgers,1,1.0,0.0,0.0,1.0,0.0,1.0,3.0,5.0,0.0,0.0,2.0,0.0,triple,2026-07-25T13:16:29Z,,,,,,,,,,,,,,,,,,,,,,,,,,,,,,,,,1,0,0,0.9155124133364273,1
2026-07-24,823680,Athletics @ Minnesota Twins,Minnesota Twins,Athletics,Byron Buxton,621439,2,R,Jacob Lopez,L,0.274,0.331,0.568,0.273,0.319,0.455,6.64,1.73,0.283,,,0.307,,,0.2727333333333333,6.414666666666666,,,,30.9,-9,0,0.0,0.0,0.0,0,0,1,0.02,0.03,0.75,0.3157894736842105,0.6324901799134415,0.6488954639745838,0.7132055378061768,0.6499999999999999,0.664772014841662,3,Byron Buxton,Minnesota Twins,0,0.0,0.0,0.0,0.0,0.0,0.0,3.0,4.0,0.0,0.0,0.0,0.0,no_hit,2026-07-25T13:16:29Z,,,,,,,,,,,,,,,,,,,,,,,,,,,,,,,,,0,0,0,0.43425642466785713,0
2026-07-24,823680,Athletics @ Minnesota Twins,Minnesota Twins,Athletics,Austin Martin,668885,1,R,Jacob Lopez,L,0.239,0.351,0.313,0.245,0.397,0.347,6.64,1.73,0.283,,,0.307,,,0.2448,6.414666666666666,,,,25.0,-9,0,0.0,0.0,0.0,0,0,1,0.02,0.01,1.0,0.2390350877192982,0.6074196830417614,0.6488954639745838,0.6239616613418532,0.6499999999999999,0.7151178091540934,1,Austin Martin,Minnesota Twins,1,1.0,0.0,1.0,0.0,0.0,1.0,2.0,4.0,0.0,0.0,2.0,0.0,double,2026-07-25T13:16:29Z,,,,,,,,,,,,,,,,,,,,,,,,,,,,,,,,,1,0,0,0.5914500419695701,1
2026-07-24,823680,Athletics @ Minnesota Twins,Minnesota Twins,Athletics,Ryan Jeffers,680777,3,R,Jacob Lopez,L,0.284,0.392,0.541,0.315,0.448,0.519,6.64,1.73,0.283,,,0.307,,,0.2918666666666666,6.414666666666666,,,,25.0,-9,0,0.0,0.0,0.0,0,0,1,0.02,0.01,0.5,0.337719298245614,0.7694517590615509,0.6488954639745838,0.7743343982960595,0.6499999999999999,0.6781817387021717,2,Ryan Jeffers,Minnesota Twins,1,1.0,1.0,0.0,0.0,0.0,0.0,4.0,4.0,0.0,0.0,0.0,1.0,single_only,2026-07-25T13:16:29Z,,,,,,,,,,,,,,,,,,,,,,,,,,,,,,,,,1,0,0,0.6825205380259667,1
2026-07-24,823759,Colorado Rockies @ Milwaukee Brewers,Milwaukee Brewers,Colorado Rockies,Christian Yelich,592885,1,R,Tomoyuki Sugano,R,0.245,0.332,0.4,0.238,0.329,0.376,4.66,1.28,0.267,,,0.257,,,0.2428,4.045333333333333,,,,30.8,-11,0,0.0,0.0,0.0,0,0,1,0.02,0.03,1.0,0.2521929824561403,0.571846980154803,0.4701445048396611,0.4657780353257111,0.6499999999999999,0.5588718017894556,3,Christian Yelich,Milwaukee Brewers,1,1.0,0.0,0.0,0.0,1.0,1.0,5.0,5.0,1.0,1.0,0.0,0.0,home_run,2026-07-25T13:16:29Z,,,,,,,,,,,,,,,,,,,,,,,,,,,,,,,,,1,0,1,0.7180411743708504,1
2026-07-24,823759,Colorado Rockies @ Milwaukee Brewers,Colorado Rockies,Milwaukee Brewers,Jake McCarthy,664983,1,R,Shane Drohan,L,0.306,0.349,0.518,0.364,0.402,0.558,3.47,1.2,0.245,,,0.236,,,0.3031333333333333,3.042666666666667,,,,25.0,9,0,0.0,0.0,0.0,0,1,0,-0.03,0.01,1.0,0.3859649122807018,0.817351413324193,0.3893685417162249,0.5942993867367262,0.6499999999999999,0.6352933238564246,1,Jake McCarthy,Colorado Rockies,1,1.0,0.0,0.0,1.0,0.0,1.0,5.0,5.0,1.0,0.0,0.0,2.0,triple,2026-07-25T13:16:29Z,,,,,,,,,,,,,,,,,,,,,,,,,,,,,,,,,1,0,1,0.6543905094637676,1
2026-07-24,823759,Colorado Rockies @ Milwaukee Brewers,Milwaukee Brewers,Colorado Rockies,Jackson Chourio,694192,2,R,Tomoyuki Sugano,R,0.278,0.338,0.475,0.263,0.318,0.463,4.66,1.28,0.267,,,0.257,,,0.2815333333333333,4.045333333333333,,,,23.3,-11,0,0.0,0.0,0.0,0,0,1,0.02,0.0,0.75,0.324561403508772,0.6218934836933224,0.4701445048396611,0.5895267041223031,0.6499999999999999,0.5699457279935743,2,Jackson Chourio,Milwaukee Brewers,1,1.0,1.0,0.0,0.0,0.0,0.0,4.0,4.0,0.0,0.0,0.0,0.0,single_only,2026-07-25T13:16:29Z,,,,,,,,,,,,,,,,,,,,,,,,,,,,,,,,,1,0,0,0.6637044204575785,1
2026-07-24,823843,San Diego Padres @ Miami Marlins,San Diego Padres,Miami Marlins,Jake Cronenworth,630105,2,R,Ryan Gusto,R,0.206,0.296,0.291,0.214,0.313,0.321,4.7,1.37,0.254,,,0.208,,,0.1875333333333333,5.863636363636363,,,,25.0,-5,0,0.0,0.0,0.0,0,0,1,0.02,0.01,0.75,0.1666666666666666,0.5181957430178586,0.4516883578840716,0.4056987249337348,0.6499999999999999,0.5009102518597464,3,Jake Cronenworth,San Diego Padres,0,0.0,0.0,0.0,0.0,0.0,0.0,2.0,5.0,0.0,0.0,3.0,0.0,no_hit,2026-07-25T13:16:29Z,,,,,,,,,,,,,,,,,,,,,,,,,,,,,,,,,0,0,0,0.3969016522389775,0
2026-07-24,823843,San Diego Padres @ Miami Marlins,San Diego Padres,Miami Marlins,Fernando Tatis Jr.,665487,1,R,Ryan Gusto,R,0.286,0.353,0.406,0.285,0.349,0.386,4.7,1.37,0.254,,,0.208,,,0.2826666666666667,5.863636363636363,,,,28.6,-5,0,0.0,0.0,0.0,0,0,1,0.02,0.01,1.0,0.3421052631578947,0.6431577669906591,0.4516883578840716,0.7096390870210617,0.6499999999999999,0.6277418121660454,2,Fernando Tatis Jr.,San Diego Padres,0,0.0,0.0,0.0,0.0,0.0,0.0,4.0,5.0,0.0,0.0,0.0,2.0,no_hit,2026-07-25T13:16:29Z,,,,,,,,,,,,,,,,,,,,,,,,,,,,,,,,,0,0,0,0.5992059532767364,1
2026-07-24,823843,San Diego Padres @ Miami Marlins,Miami Marlins,San Diego Padres,Otto Lopez,672640,1,R,Germán Márquez,R,0.332,0.367,0.499,0.307,0.353,0.465,5.24,1.54,0.27,,,0.244,,,0.3382666666666666,5.726999999999999,,,,20.6,8,0,0.0,0.0,0.0,0,1,0,-0.03,0.0,1.0,0.4429824561403509,0.6949759149894632,0.530227570041251,0.8785211164035795,0.6499999999999999,0.6495904172202779,1,Otto Lopez,Miami Marlins,1,1.0,1.0,0.0,0.0,0.0,0.0,5.0,5.0,0.0,0.0,0.0,0.0,single_only,2026-07-25T13:16:29Z,,,,,,,,,,,,,,,,,,,,,,,,,,,,,,,,,1,0,0,0.9106625274833127,1
2026-07-24,824248,Kansas City Royals @ Detroit Tigers,Detroit Tigers,Kansas City Royals,Gleyber Torres,650402,2,R,Beck Way,R,0.28,0.394,0.387,0.328,0.418,0.42,3.22,1.52,0.276,,,0.174,,,0.2763333333333334,3.874666666666667,,,,25.0,-3,0,0.0,0.0,0.0,0,0,0,0.0,0.01,0.75,0.3289473684210527,0.7417364361806509,0.4365958377280104,0.5619793448174646,0.6499999999999999,0.5557097620861855,2,Gleyber Torres,Detroit Tigers,1,1.0,1.0,0.0,0.0,0.0,0.0,2.0,4.0,1.0,0.0,2.0,0.0,single_only,2026-07-25T13:16:29Z,,,,,,,,,,,,,,,,,,,,,,,,,,,,,,,,,1,0,1,0.6713686549535223,1
2026-07-24,824248,Kansas City Royals @ Detroit Tigers,Detroit Tigers,Kansas City Royals,Colt Keith,690993,1,R,Beck Way,R,0.25,0.295,0.392,0.26,0.305,0.412,3.22,1.52,0.276,,,0.174,,,0.2508666666666667,3.874666666666667,,,,21.2,-3,0,0.0,0.0,0.0,0,0,0,0.0,0.0,1.0,0.2631578947368421,0.5968983497920742,0.4365958377280104,0.4806161925277946,0.6499999999999999,0.5672957676455908,1,Colt Keith,Detroit Tigers,1,1.0,1.0,0.0,0.0,0.0,0.0,4.0,4.0,1.0,0.0,0.0,2.0,single_only,2026-07-25T13:16:29Z,,,,,,,,,,,,,,,,,,,,,,,,,,,,,,,,,1,0,1,0.4841010284429597,0
2026-07-24,824248,Kansas City Royals @ Detroit Tigers,Kansas City Royals,Detroit Tigers,Carter Jensen,695600,1,R,Tarik Skubal,L,0.24,0.31,0.433,0.278,0.323,0.422,2.83,0.93,0.217,,,0.194,,,0.2433999999999999,2.4457142857142857,,,,25.0,6,0,0.0,0.0,0.0,0,0,0,0.0,0.01,1.0,0.2412280701754386,0.6313222915889114,0.2762500062792458,0.3652136795900395,0.6499999999999999,0.5504876267195075,3,Carter Jensen,Kansas City Royals,0,0.0,0.0,0.0,0.0,0.0,0.0,4.0,4.0,0.0,0.0,0.0,3.0,no_hit,2026-07-25T13:16:29Z,,,,,,,,,,,,,,,,,,,,,,,,,,,,,,,,,0,0,0,0.37863078013621415,0
2026-07-24,824573,Houston Astros @ Chicago White Sox,Houston Astros,Chicago White Sox,Jeremy Peña,665161,1,R,Davis Martin,R,0.302,0.362,0.472,0.304,0.364,0.482,3.31,1.27,0.255,,,0.271,,,0.2918666666666666,2.4786666666666672,,,,27.7,-6,0,0.0,0.0,0.0,0,0,1,0.02,0.01,1.0,0.3771929824561403,0.7018132269693929,0.4228830705556404,0.5221703891844424,0.6499999999999999,0.6056437862867066,2,Jeremy Peña,Houston Astros,1,3.0,3.0,0.0,0.0,0.0,0.0,6.0,6.0,1.0,0.0,0.0,1.0,multi_hit,2026-07-25T13:16:29Z,,,,,,,,,,,,,,,,,,,,,,,,,,,,,,,,,1,1,1,0.7608568735534982,1
2026-07-24,824573,Houston Astros @ Chicago White Sox,Houston Astros,Chicago White Sox,Yordan Alvarez,670541,2,R,Davis Martin,R,0.328,0.433,0.656,0.348,0.465,0.704,3.31,1.27,0.255,,,0.271,,,0.3191333333333333,2.4786666666666672,,,,25.0,-6,0,0.0,0.0,0.0,0,0,1,0.02,0.01,0.75,0.4342105263157895,0.8718544848193629,0.4228830705556404,0.609284340196157,0.6499999999999999,0.6112211934009563,1,Yordan Alvarez,Houston Astros,1,1.0,1.0,0.0,0.0,0.0,0.0,4.0,5.0,2.0,0.0,1.0,1.0,single_only,2026-07-25T13:16:29Z,,,,,,,,,,,,,,,,,,,,,,,,,,,,,,,,,1,0,1,0.8728914132537634,1
2026-07-24,824573,Houston Astros @ Chicago White Sox,Chicago White Sox,Houston Astros,Sam Antonacci,803011,1,R,Spencer Arrighetti,R,0.278,0.37,0.408,0.303,0.395,0.466,4.34,1.31,0.211,,,0.194,,,0.2875333333333333,2.5966666666666667,,,,25.0,4,0,0.0,0.0,0.0,0,0,0,0.0,0.01,1.0,0.324561403508772,0.7120554329149663,0.3839983949611897,0.5158856687310933,0.6499999999999999,0.5755962270267624,3,Sam Antonacci,Chicago White Sox,1,2.0,1.0,1.0,0.0,0.0,1.0,4.0,5.0,1.0,0.0,0.0,1.0,multi_hit_xbh,2026-07-25T13:16:29Z,,,,,,,,,,,,,,,,,,,,,,,,,,,,,,,,,1,1,1,0.5457699005314057,1
2026-07-24,824733,Toronto Blue Jays @ Boston Red Sox,Toronto Blue Jays,Boston Red Sox,Vladimir Guerrero Jr.,665489,2,R,Patrick Sandoval,L,0.259,0.34,0.353,0.274,0.4,0.384,4.82,1.71,0.35,,,0.276,,,0.2618,3.45,,,,20.4,1,0,0.0,0.0,0.0,0,0,0,0.0,0.0,0.75,0.2828947368421053,0.6553854965481575,0.636013202249388,0.488340250132817,0.6499999999999999,0.6429013723317784,2,Vladimir Guerrero Jr.,Toronto Blue Jays,1,2.0,2.0,0.0,0.0,0.0,0.0,4.0,5.0,1.0,0.0,1.0,0.0,multi_hit,2026-07-25T13:16:29Z,,,,,,,,,,,,,,,,,,,,,,,,,,,,,,,,,1,1,1,0.8879954671353582,1
2026-07-24,824733,Toronto Blue Jays @ Boston Red Sox,Toronto Blue Jays,Boston Red Sox,Kazuma Okamoto,672960,3,R,Patrick Sandoval,L,0.224,0.307,0.44,0.238,0.326,0.44,4.82,1.71,0.35,,,0.276,,,0.2333333333333333,3.45,,,,25.0,1,0,0.0,0.0,0.0,0,0,0,0.0,0.01,0.5,0.206140350877193,0.5885625010133759,0.636013202249388,0.397392433306406,0.6499999999999999,0.5525534509241212,3,Kazuma Okamoto,Toronto Blue Jays,1,2.0,0.0,1.0,0.0,1.0,2.0,5.0,5.0,1.0,3.0,0.0,2.0,multi_hit_xbh,2026-07-25T13:16:29Z,,,,,,,,,,,,,,,,,,,,,,,,,,,,,,,,,1,1,1,0.7032853220362908,1
2026-07-24,824733,Toronto Blue Jays @ Boston Red Sox,Toronto Blue Jays,Boston Red Sox,Ernie Clement,676391,1,R,Patrick Sandoval,L,0.296,0.32,0.423,0.28,0.322,0.43,4.82,1.71,0.35,,,0.276,,,0.2962666666666667,3.45,,,,16.1,1,0,0.0,0.0,0.0,0,0,0,0.0,0.0,1.0,0.3640350877192982,0.6355607602039572,0.636013202249388,0.5984573960327106,0.6499999999999999,0.7044627601307123,1,Ernie Clement,Toronto Blue Jays,0,0.0,0.0,0.0,0.0,0.0,0.0,4.0,5.0,1.0,0.0,0.0,0.0,no_hit,2026-07-25T13:16:29Z,,,,,,,,,,,,,,,,,,,,,,,,,,,,,,,,,0,0,1,0.8105851491332664,1
2026-07-24,824812,Atlanta Braves @ Baltimore Orioles,Atlanta Braves,Baltimore Orioles,Matt Olson,621566,3,R,Trevor Rogers,L,0.267,0.344,0.526,0.267,0.33,0.483,4.28,1.3,0.251,,,0.275,,,0.2690666666666667,5.357333333333333,,,,24.6,3,0,0.0,0.0,0.0,0,0,0,0.0,0.0,0.5,0.3004385964912281,0.63875856747811,0.456114627329783,0.6337517678623845,0.6499999999999999,0.5565867952478201,3,Matt Olson,Atlanta Braves,1,2.0,1.0,0.0,0.0,1.0,1.0,5.0,5.0,1.0,3.0,0.0,2.0,multi_hit_xbh,2026-07-25T13:16:29Z,,,,,,,,,,,,,,,,,,,,,,,,,,,,,,,,,1,1,1,0.7799183477845939,1
2026-07-24,824812,Atlanta Braves @ Baltimore Orioles,Atlanta Braves,Baltimore Orioles,Ozzie Albies,645277,2,R,Trevor Rogers,L,0.264,0.316,0.438,0.291,0.31,0.488,4.28,1.3,0.251,,,0.275,,,0.2678666666666666,5.357333333333333,,,,20.8,3,0,0.0,0.0,0.0,0,0,0,0.0,0.0,0.75,0.293859649122807,0.6595041424536109,0.456114627329783,0.6299179020476879,0.6499999999999999,0.6111981091194908,2,Ozzie Albies,Atlanta Braves,1,1.0,1.0,0.0,0.0,0.0,0.0,5.0,5.0,1.0,0.0,0.0,3.0,single_only,2026-07-25T13:16:29Z,,,,,,,,,,,,,,,,,,,,,,,,,,,,,,,,,1,0,1,0.6742067108029258,1
2026-07-24,824812,Atlanta Braves @ Baltimore Orioles,Atlanta Braves,Baltimore Orioles,Drake Baldwin,686948,1,R,Trevor Rogers,L,0.275,0.366,0.48,0.256,0.34,0.44,4.28,1.3,0.251,,,0.275,,,0.2616666666666666,5.357333333333333,,,,23.7,3,0,0.0,0.0,0.0,0,0,0,0.0,0.0,1.0,0.3179824561403509,0.6180616250777174,0.456114627329783,0.6101095953384228,0.6499999999999999,0.6478662337691277,1,Drake Baldwin,Atlanta Braves,1,1.0,0.0,0.0,0.0,1.0,1.0,5.0,5.0,1.0,1.0,0.0,3.0,home_run,2026-07-25T13:16:29Z,,,,,,,,,,,,,,,,,,,,,,,,,,,,,,,,,1,0,1,0.827514047634569,1
2026-07-25,822704,Arizona Diamondbacks @ Washington Nationals,Washington Nationals,Arizona Diamondbacks,Curtis Mead,678554,2,R,Mitch Bratt,L,0.256,0.351,0.505,0.279,0.362,0.533,5.06,1.78,0.295,,,0.29,,,0.2456666666666666,4.6866666666666665,,,,25.0,-4,0,0.0,0.0,0.0,0,0,0,0.0,0.01,0.75,0.3052631578947369,0.376797082514281,0.7178083917310436,0.2804211797109817,0.6499999999999999,0.5566049651045306,2,Curtis Mead,Washington Nationals,0,0.0,0.0,0.0,0.0,0.0,0.0,3.0,5.0,1.0,0.0,2.0,0.0,no_hit,2026-07-26T16:01:28Z,,,,,,,,,,,,,,,,,,,,,,,,,,,,,,,,,0,0,1,0.7075209449830147,1
2026-07-25,822704,Arizona Diamondbacks @ Washington Nationals,Arizona Diamondbacks,Washington Nationals,Corbin Carroll,682998,1,R,Foster Griffin,L,0.252,0.344,0.491,0.353,0.424,0.603,2.68,1.03,0.215,,,0.238,,,0.2558,3.1206666666666663,,,,29.2,-6,0,0.0,0.0,0.0,0,0,1,0.02,0.01,1.0,0.2968421052631579,0.4988405716623801,0.2771006489217553,0.2447251195487915,0.6499999999999999,0.5195491055244403,3,Corbin Carroll,Arizona Diamondbacks,0,0.0,0.0,0.0,0.0,0.0,0.0,3.0,4.0,1.0,0.0,0.0,2.0,no_hit,2026-07-26T16:01:28Z,,,,,,,,,,,,,,,,,,,,,,,,,,,,,,,,,0,0,1,0.5459215738742932,1
2026-07-25,822704,Arizona Diamondbacks @ Washington Nationals,Washington Nationals,Arizona Diamondbacks,James Wood,695578,1,R,Mitch Bratt,L,0.27,0.395,0.548,0.262,0.352,0.497,5.06,1.78,0.295,,,0.29,,,0.2720666666666666,4.6866666666666665,,,,31.2,-4,0,0.0,0.0,0.0,0,0,0,0.0,0.03,1.0,0.3347368421052632,0.3473709310783778,0.7178083917310436,0.3333522471159845,0.6499999999999999,0.5871880873563052,1,James Wood,Washington Nationals,1,1.0,1.0,0.0,0.0,0.0,0.0,5.0,5.0,0.0,0.0,0.0,2.0,single_only,2026-07-26T16:01:28Z,,,,,,,,,,,,,,,,,,,,,,,,,,,,,,,,,1,0,0,0.6164406773906437,1
2026-07-25,822948,Cleveland Guardians @ Tampa Bay Rays,Tampa Bay Rays,Cleveland Guardians,Yandy Díaz,650490,1,R,Tanner Bibee,R,0.304,0.38,0.462,0.308,0.385,0.46,3.86,1.15,0.231,,,0.251,,,0.3156,4.082666666666666,,,,14.2,7,0,0.0,0.0,0.0,0,0,0,0.0,0.0,1.0,0.4063157894736842,0.407615549147464,0.4010672852025393,0.3990310365687326,0.6499999999999999,0.4970787283329377,1,Yandy Díaz,Tampa Bay Rays,1,2.0,1.0,1.0,0.0,0.0,1.0,4.0,4.0,1.0,0.0,0.0,2.0,multi_hit_xbh,2026-07-26T16:01:28Z,,,,,,,,,,,,,,,,,,,,,,,,,,,,,,,,,1,1,1,0.8890201706077081,1
2026-07-25,822948,Cleveland Guardians @ Tampa Bay Rays,Tampa Bay Rays,Cleveland Guardians,Jonathan Aranda,666018,2,R,Tanner Bibee,R,0.283,0.378,0.44,0.294,0.387,0.498,3.86,1.15,0.231,,,0.251,,,0.2887333333333333,4.082666666666666,,,,22.0,7,0,0.0,0.0,0.0,0,0,0,0.0,0.0,0.75,0.3621052631578947,0.3989666959649228,0.4010672852025393,0.3451643189823281,0.6499999999999999,0.4368365073993417,2,Jonathan Aranda,Tampa Bay Rays,1,1.0,1.0,0.0,0.0,0.0,0.0,4.0,4.0,1.0,0.0,0.0,2.0,single_only,2026-07-26T16:01:28Z,,,,,,,,,,,,,,,,,,,,,,,,,,,,,,,,,1,0,1,0.8702760507908088,1
2026-07-25,822948,Cleveland Guardians @ Tampa Bay Rays,Cleveland Guardians,Tampa Bay Rays,Steven Kwan,680757,1,R,Nick Martinez,R,0.248,0.354,0.307,0.273,0.372,0.338,2.59,1.12,0.248,,,0.26,,,0.2295333333333333,2.1606666666666663,,,,8.6,6,0,0.0,0.0,0.0,0,0,0,0.0,0.0,1.0,0.2884210526315789,0.3425413599730975,0.3585819601911636,0.1577238877219782,0.6499999999999999,0.4318685112089202,3,Steven Kwan,Cleveland Guardians,1,1.0,1.0,0.0,0.0,0.0,0.0,4.0,4.0,0.0,0.0,0.0,1.0,single_only,2026-07-26T16:01:28Z,,,,,,,,,,,,,,,,,,,,,,,,,,,,,,,,,1,0,0,0.9316856763078014,1
2026-07-25,823197,Los Angeles Angels @ San Francisco Giants,San Francisco Giants,Los Angeles Angels,Luis Arraez,650333,1,R,Ryan Johnson,R,0.324,0.362,0.448,0.326,0.37,0.448,6.1,1.43,0.262,,,0.254,,,0.3266,10.548,,,,8.0,-8,0,0.0,0.0,0.0,0,0,1,0.02,0.0,1.0,0.448421052631579,0.4192877990803523,0.62530476555793,0.6523391254535039,0.6499999999999999,0.6252642482554926,1,Luis Arraez,San Francisco Giants,1,2.0,2.0,0.0,0.0,0.0,0.0,4.0,4.0,2.0,1.0,0.0,1.0,multi_hit,2026-07-26T16:01:28Z,,,,,,,,,,,,,,,,,,,,,,,,,,,,,,,,,1,1,1,0.9590983285139152,1
2026-07-25,823197,Los Angeles Angels @ San Francisco Giants,San Francisco Giants,Los Angeles Angels,Heliot Ramos,671218,2,R,Ryan Johnson,R,0.263,0.298,0.446,0.25,0.285,0.418,6.1,1.43,0.262,,,0.254,,,0.2734666666666667,10.548,,,,28.5,-8,0,0.0,0.0,0.0,0,0,1,0.02,0.01,0.75,0.32,0.2913998613023435,0.62530476555793,0.5458086690853543,0.6499999999999999,0.517312695355768,2,Heliot Ramos,San Francisco Giants,1,1.0,1.0,0.0,0.0,0.0,0.0,5.0,5.0,1.0,0.0,0.0,1.0,single_only,2026-07-26T16:01:28Z,,,,,,,,,,,,,,,,,,,,,,,,,,,,,,,,,1,0,1,0.8343131345269289,1
2026-07-25,823197,Los Angeles Angels @ San Francisco Giants,San Francisco Giants,Los Angeles Angels,Bryce Eldridge,805811,3,R,Ryan Johnson,R,0.266,0.363,0.472,0.269,0.372,0.475,6.1,1.43,0.262,,,0.254,,,0.2710666666666667,10.548,,,,25.0,-8,0,0.0,0.0,0.0,0,0,1,0.02,0.01,0.5,0.3263157894736843,0.3604636185655689,0.62530476555793,0.5409967538667178,0.6499999999999999,0.4838568473887789,3,Bryce Eldridge,San Francisco Giants,0,0.0,0.0,0.0,0.0,0.0,0.0,3.0,4.0,0.0,0.0,1.0,2.0,no_hit,2026-07-26T16:01:28Z,,,,,,,,,,,,,,,,,,,,,,,,,,,,,,,,,0,0,0,0.9389044509797886,1
2026-07-25,823435,New York Yankees @ Philadelphia Phillies,New York Yankees,Philadelphia Phillies,Amed Rosario,642708,1,R,Tim Mayza,L,0.231,0.276,0.442,0.2,0.257,0.379,4.0,1.16,0.241,,,0.253,,,0.2436666666666666,3.1993333333333336,,,,25.0,-7,0,0.0,0.0,0.0,0,0,1,0.02,0.01,1.0,0.2526315789473684,0.2164212035665936,0.4270067423155051,0.2232119816235439,0.6499999999999999,0.4906891208298315,2,Amed Rosario,New York Yankees,0,0.0,0.0,0.0,0.0,0.0,0.0,1.0,1.0,0.0,0.0,0.0,1.0,no_hit,2026-07-26T16:01:28Z,,,,,,,,,,,,,,,,,,,,,,,,,,,,,,,,,0,0,0,0.159754493445286,0
2026-07-25,823435,New York Yankees @ Philadelphia Phillies,Philadelphia Phillies,New York Yankees,Bryan De La Cruz,650559,6,R,Ryan Weathers,L,0.5,0.667,2.0,0.5,0.667,2.0,4.4,1.27,0.254,,,0.242,,,0.5,3.725333333333333,,,,25.0,11,0,0.0,0.0,0.0,0,1,0,-0.03,0.01,-0.25,0.8189473684210526,1.0,0.4774525832390018,0.7559653445672044,0.6499999999999999,0.4816305766567811,3,Bryan De La Cruz,Philadelphia Phillies,1,2.0,2.0,0.0,0.0,0.0,0.0,3.0,3.0,0.0,0.0,0.0,1.0,multi_hit,2026-07-26T16:01:28Z,,,,,,,,,,,,,,,,,,,,,,,,,,,,,,,,,1,1,0,0.9989441298211971,1
2026-07-25,823435,New York Yankees @ Philadelphia Phillies,New York Yankees,Philadelphia Phillies,Ben Rice,700250,2,R,Tim Mayza,L,0.274,0.363,0.584,0.266,0.329,0.508,4.0,1.16,0.241,,,0.253,,,0.2762,3.1993333333333336,,,,24.2,-7,0,0.0,0.0,0.0,0,0,1,0.02,0.0,0.75,0.3431578947368422,0.3435301649361933,0.4270067423155051,0.288440165698396,0.6499999999999999,0.4922505887834593,1,Ben Rice,New York Yankees,0,0.0,0.0,0.0,0.0,0.0,0.0,4.0,4.0,0.0,0.0,0.0,2.0,no_hit,2026-07-26T16:01:28Z,,,,,,,,,,,,,,,,,,,,,,,,,,,,,,,,,0,0,0,0.18365932981247768,0
2026-07-25,823841,San Diego Padres @ Miami Marlins,San Diego Padres,Miami Marlins,Fernando Tatis Jr.,665487,1,R,Eury Pérez,R,0.283,0.351,0.402,0.283,0.348,0.382,3.53,1.11,0.199,,,0.207,,,0.2826,4.548666666666667,,,,28.6,-5,0,0.0,0.0,0.0,0,0,1,0.02,0.01,1.0,0.3621052631578947,0.3504106587200558,0.2850815741360535,0.3495351937281057,0.6499999999999999,0.4505574159800459,2,Fernando Tatis Jr.,San Diego Padres,0,0.0,0.0,0.0,0.0,0.0,0.0,4.0,5.0,1.0,0.0,1.0,0.0,no_hit,2026-07-26T16:01:28Z,,,,,,,,,,,,,,,,,,,,,,,,,,,,,,,,,0,0,1,0.32935829110490844,0
2026-07-25,823841,San Diego Padres @ Miami Marlins,Miami Marlins,San Diego Padres,Kyle Stowers,669065,2,R,Randy Vásquez,R,0.229,0.31,0.428,0.247,0.331,0.468,4.72,1.52,0.301,,,0.27,,,0.2371333333333333,3.543333333333333,,,,35.9,8,0,0.0,0.0,0.0,0,1,0,-0.03,0.05,0.75,0.248421052631579,0.3164903543068436,0.6380261811061168,0.2224171474250713,0.6499999999999999,0.3888930150223065,3,Kyle Stowers,Miami Marlins,1,1.0,1.0,0.0,0.0,0.0,0.0,3.0,4.0,0.0,1.0,1.0,1.0,single_only,2026-07-26T16:01:28Z,,,,,,,,,,,,,,,,,,,,,,,,,,,,,,,,,1,0,0,0.7556950780315695,1
2026-07-25,823841,San Diego Padres @ Miami Marlins,Miami Marlins,San Diego Padres,Otto Lopez,672640,1,R,Randy Vásquez,R,0.33,0.365,0.495,0.306,0.351,0.463,4.72,1.52,0.301,,,0.27,,,0.3381333333333333,3.543333333333333,,,,20.6,8,0,0.0,0.0,0.0,0,1,0,-0.03,0.0,1.0,0.4610526315789474,0.3908653658529544,0.6380261811061168,0.4249185795426958,0.6499999999999999,0.5378619827264779,1,Otto Lopez,Miami Marlins,1,1.0,1.0,0.0,0.0,0.0,0.0,2.0,4.0,0.0,1.0,1.0,0.0,single_only,2026-07-26T16:01:28Z,,,,,,,,,,,,,,,,,,,,,,,,,,,,,,,,,1,0,0,0.9285904401191911,1
2026-07-25,824244,Kansas City Royals @ Detroit Tigers,Detroit Tigers,Kansas City Royals,Colt Keith,690993,1,R,Michael Wacha,R,0.254,0.297,0.395,0.263,0.307,0.414,3.6,1.17,0.238,,,0.24,,,0.2509999999999999,3.2706666666666675,,,,21.2,-3,0,0.0,0.0,0.0,0,0,0,0.0,0.0,1.0,0.3010526315789474,0.3150703731847348,0.3893890015618807,0.24046652239981,0.6499999999999999,0.4466542721247194,1,Colt Keith,Detroit Tigers,1,2.0,1.0,1.0,0.0,0.0,1.0,4.0,4.0,0.0,0.0,0.0,1.0,multi_hit_xbh,2026-07-26T16:01:28Z,,,,,,,,,,,,,,,,,,,,,,,,,,,,,,,,,1,1,0,0.6530684886291299,1
2026-07-25,824244,Kansas City Royals @ Detroit Tigers,Kansas City Royals,Detroit Tigers,Carter Jensen,695600,1,R,Casey Mize,R,0.241,0.308,0.429,0.227,0.305,0.437,2.7,0.99,0.213,,,0.248,,,0.2424,2.9073333333333333,,,,25.0,6,0,0.0,0.0,0.0,0,0,0,0.0,0.01,1.0,0.2736842105263158,0.2774528597551647,0.2778545518324524,0.2102280389013886,0.6499999999999999,0.3892537863237352,3,Carter Jensen,Kansas City Royals,1,2.0,2.0,0.0,0.0,0.0,0.0,4.0,4.0,0.0,0.0,0.0,1.0,multi_hit,2026-07-26T16:01:28Z,,,,,,,,,,,,,,,,,,,,,,,,,,,,,,,,,1,1,0,0.8362625473571811,1
2026-07-25,824244,Kansas City Royals @ Detroit Tigers,Detroit Tigers,Kansas City Royals,Kevin McGonigle,805808,2,R,Michael Wacha,R,0.278,0.385,0.417,0.287,0.406,0.449,3.6,1.17,0.238,,,0.24,,,0.2830666666666667,3.2706666666666675,,,,25.0,-3,0,0.0,0.0,0.0,0,0,0,0.0,0.01,0.75,0.3515789473684211,0.3914494810744811,0.3893890015618807,0.3047590562932606,0.6499999999999999,0.4153929291811736,2,Kevin McGonigle,Detroit Tigers,0,0.0,0.0,0.0,0.0,0.0,0.0,4.0,4.0,0.0,0.0,0.0,1.0,no_hit,2026-07-26T16:01:28Z,,,,,,,,,,,,,,,,,,,,,,,,,,,,,,,,,0,0,0,0.8427579779614527,1
2026-07-25,824734,Toronto Blue Jays @ Boston Red Sox,Toronto Blue Jays,Boston Red Sox,Nathan Lukes,664770,1,R,Sonny Gray,R,0.288,0.34,0.397,0.321,0.363,0.449,2.48,1.12,0.229,,,0.217,,,0.2866666666666667,3.1553333333333327,,,,17.2,1,0,0.0,0.0,0.0,0,0,0,0.0,0.0,1.0,0.3726315789473684,0.4107400454483788,0.2819274115476647,0.307851660859551,0.6499999999999999,0.4484409839553268,1,Nathan Lukes,Toronto Blue Jays,1,2.0,0.0,2.0,0.0,0.0,2.0,5.0,5.0,1.0,0.0,0.0,1.0,multi_hit_xbh,2026-07-26T16:01:28Z,,,,,,,,,,,,,,,,,,,,,,,,,,,,,,,,,1,1,1,0.716068340841176,1
2026-07-25,824734,Toronto Blue Jays @ Boston Red Sox,Boston Red Sox,Toronto Blue Jays,Anthony Seigler,678011,1,R,Dylan Cease,R,0.273,0.336,0.455,0.296,0.359,0.479,2.67,1.14,0.196,,,0.211,,,0.2794,2.6793333333333336,,,,25.0,7,0,0.0,0.0,0.0,0,0,0,0.0,0.01,1.0,0.3410526315789474,0.3857613606514315,0.2430186542676926,0.2762565772571662,0.6499999999999999,0.4157844230317406,2,Anthony Seigler,Boston Red Sox,0,0.0,0.0,0.0,0.0,0.0,0.0,3.0,4.0,0.0,0.0,1.0,1.0,no_hit,2026-07-26T16:01:28Z,,,,,,,,,,,,,,,,,,,,,,,,,,,,,,,,,0,0,0,0.49993251342401374,0
2026-07-25,824734,Toronto Blue Jays @ Boston Red Sox,Boston Red Sox,Toronto Blue Jays,Ceddanne Rafaela,678882,2,R,Dylan Cease,R,0.282,0.325,0.444,0.281,0.321,0.42,2.67,1.14,0.196,,,0.211,,,0.2817999999999999,2.6793333333333336,,,,24.2,7,0,0.0,0.0,0.0,0,0,0,0.0,0.0,0.75,0.36,0.3424752094175853,0.2430186542676926,0.2810684924758027,0.6499999999999999,0.3656846725060745,3,Ceddanne Rafaela,Boston Red Sox,0,0.0,0.0,0.0,0.0,0.0,0.0,4.0,4.0,0.0,0.0,0.0,1.0,no_hit,2026-07-26T16:01:28Z,,,,,,,,,,,,,,,,,,,,,,,,,,,,,,,,,0,0,0,0.4219986332730263,0
2026-07-25,824811,Atlanta Braves @ Baltimore Orioles,Atlanta Braves,Baltimore Orioles,Ozzie Albies,645277,2,R,Brandon Young,R,0.264,0.315,0.435,0.242,0.318,0.396,3.25,1.31,0.251,,,0.268,,,0.2674,3.488,,,,20.8,3,0,0.0,0.0,0.0,0,0,0,0.0,0.0,0.75,0.3221052631578948,0.2933494711881236,0.4434885203225646,0.2811215699581967,0.6499999999999999,0.4135521593875298,3,Ozzie Albies,Atlanta Braves,1,1.0,0.0,0.0,0.0,1.0,1.0,4.0,4.0,1.0,1.0,0.0,1.0,home_run,2026-07-26T16:01:28Z,,,,,,,,,,,,,,,,,,,,,,,,,,,,,,,,,1,0,1,0.8883744981785523,1
2026-07-25,824811,Atlanta Braves @ Baltimore Orioles,Atlanta Braves,Baltimore Orioles,Drake Baldwin,686948,1,R,Brandon Young,R,0.273,0.364,0.486,0.29,0.385,0.525,3.25,1.31,0.251,,,0.268,,,0.2631333333333333,3.488,,,,23.7,3,0,0.0,0.0,0.0,0,0,0,0.0,0.0,1.0,0.3410526315789474,0.3980038470198044,0.4434885203225646,0.2725670540139537,0.6499999999999999,0.4884325759538135,1,Drake Baldwin,Atlanta Braves,1,1.0,1.0,0.0,0.0,0.0,0.0,4.0,4.0,0.0,0.0,0.0,1.0,single_only,2026-07-26T16:01:28Z,,,,,,,,,,,,,,,,,,,,,,,,,,,,,,,,,1,0,0,0.918257164547056,1
2026-07-25,824811,Atlanta Braves @ Baltimore Orioles,Baltimore Orioles,Atlanta Braves,Dylan Beavers,687637,1,R,Bryce Elder,R,0.248,0.331,0.362,0.256,0.35,0.392,4.06,1.23,0.243,,,0.306,,,0.2337333333333333,2.6653333333333333,,,,25.0,12,0,0.0,0.0,0.0,0,1,0,-0.03,0.01,1.0,0.2884210526315789,0.3225541541463527,0.5000052950755797,0.1841957686845343,0.6499999999999999,0.4332694923619422,2,Dylan Beavers,Baltimore Orioles,1,2.0,2.0,0.0,0.0,0.0,0.0,4.0,5.0,0.0,1.0,1.0,1.0,multi_hit,2026-07-26T16:01:28Z,,,,,,,,,,,,,,,,,,,,,,,,,,,,,,,,,1,1,0,0.8942482308417266,1
2026-08-03,823520,St. Louis Cardinals @ New York Yankees,New York Yankees,St. Louis Cardinals,Trent Grisham,663757,1,R,Michael McGreevy,R,0.211,0.313,0.374,0.203,0.312,0.378,3.57,1.2,0.252,,,0.25,,,0.2198,2.886666666666667,,,,16.6,-4,0,2.03,0.0,0.0,0,0,0,0.0,0.0,1.0,0.4065040650406504,0.2985974506492294,0.7999999999999999,0.6361746361746363,0.6499999999999999,0.6250755580885027,3,Trent Grisham,New York Yankees,1,,,,,,,,,,,,,multi_hit_xbh,2026-08-05T00:56:03Z,0.0,1.0,,,,,,,,,,,,,,0.6426387435241413,1.0,3.0,2.0,0.0,1.0,0.0,1.0,2.0,5.0,5.0,2.0,1.0,0.0,1.0,,,1,0,0,0.6759389467267397,1
2026-08-03,823520,St. Louis Cardinals @ New York Yankees,New York Yankees,St. Louis Cardinals,Luis García Jr.,671277,3,R,Michael McGreevy,R,0.283,0.313,0.56,0.295,0.325,0.593,3.57,1.2,0.252,,,0.25,,,0.2805333333333333,2.886666666666667,,,,19.8,-4,0,2.03,0.0,0.0,0,0,0,0.0,0.0,0.5,0.991869918699187,0.778337668554294,0.7999999999999999,0.9676195426195424,0.6499999999999999,0.6947273485315048,2,Luis García Jr.,New York Yankees,1,,,,,,,,,,,,,multi_hit_xbh,2026-08-05T00:56:03Z,1.0,0.0,,,,,,,,,,,,,,0.6570489299256306,1.0,2.0,2.0,1.0,0.0,0.0,1.0,1.0,4.0,4.0,1.0,2.0,0.0,0.0,,,1,0,0,0.9221956310556491,1
2026-08-03,823520,St. Louis Cardinals @ New York Yankees,New York Yankees,St. Louis Cardinals,Ben Rice,700250,2,R,Michael McGreevy,R,0.266,0.354,0.561,0.274,0.375,0.607,3.57,1.2,0.252,,,0.25,,,0.2738666666666667,2.886666666666667,,,,24.2,-4,0,2.03,0.0,0.0,0,0,0,0.0,0.0,0.75,0.8536585365853662,0.812034942182001,0.7999999999999999,0.9312370062370064,0.6499999999999999,0.7476942864810511,1,Ben Rice,New York Yankees,0,,,,,,,,,,,,,no_hit,2026-08-05T00:56:03Z,0.0,1.0,,,,,,,,,,,,,,0.7852435404388375,1.0,1.0,0.0,0.0,0.0,0.0,0.0,0.0,4.0,4.0,0.0,0.0,0.0,0.0,,,0,0,0,0.2540357463433671,0
2026-08-09,822700,Cincinnati Reds @ Washington Nationals,Washington Nationals,Cincinnati Reds,Andrés Chaparro,665953,2,R,Brady Singer,R,0.235,0.348,0.5,0.412,0.444,0.882,4.66,1.43,0.274,,,0.232,,,0.2195999999999999,5.188666666666666,,,,25.0,-2,0,1.93,0.0,0.0,0,0,0,0.0,0.01,0.75,0.4010238901006418,0.8878986997214893,0.5552231053381241,0.4333503939360846,0.6499999999999999,0.6085441656222221,2,Andrés Chaparro,Washington Nationals,1,1.0,0.0,1.0,0.0,0.0,1.0,2.0,2.0,0.0,2.0,0.0,1.0,double,2026-08-10T22:18:54Z,1.0,0.0,,,,,,,,,,,,,,,,,,,,,,,,,,,,,0.5053188221351023,0.5053188221351023,1,0,0,0.9904941569450159,1
2026-08-09,822700,Cincinnati Reds @ Washington Nationals,Washington Nationals,Cincinnati Reds,CJ Abrams,682928,1,R,Brady Singer,R,0.287,0.359,0.544,0.301,0.387,0.591,4.66,1.43,0.274,,,0.232,,,0.2895333333333332,5.188666666666666,,,,27.9,-2,0,1.93,0.0,0.0,0,0,0,0.0,0.01,1.0,0.4897610913144009,0.6639818169829255,0.5552231053381241,0.5254641299116181,0.6499999999999999,0.6163820053339113,1,CJ Abrams,Washington Nationals,1,1.0,1.0,0.0,0.0,0.0,0.0,5.0,5.0,1.0,0.0,0.0,1.0,single_only,2026-08-10T22:18:54Z,1.0,0.0,,,,,,,,,,,,,,,,,,,,,,,,,,,,,0.5493153032552338,0.5493153032552338,1,0,1,0.993949736894541,1
2026-08-09,822700,Cincinnati Reds @ Washington Nationals,Washington Nationals,Cincinnati Reds,Abimelec Ortiz,694673,2,R,Brady Singer,R,0.273,0.304,0.591,0.3,0.333,0.65,4.66,1.43,0.274,,,0.232,,,0.305,5.188666666666666,,,,25.0,-2,0,1.93,0.0,0.0,0,0,0,0.0,0.01,0.75,0.465870306372235,0.6537077910473078,0.5552231053381241,0.545836281242718,0.6499999999999999,0.5668693215496718,3,Abimelec Ortiz,Washington Nationals,1,2.0,1.0,0.0,0.0,1.0,1.0,3.0,3.0,1.0,1.0,0.0,0.0,multi_hit_xbh,2026-08-10T22:18:54Z,2.0,0.0,,,,,,,,,,,,,,,,,,,,,,,,,,,,,0.2908460291853167,0.2908460291853167,1,1,1,0.99912513050578,1
2026-08-09,822862,Baltimore Orioles @ Texas Rangers,Texas Rangers,Baltimore Orioles,Brandon Nimmo,607043,4,R,Cade Povich,L,0.275,0.342,0.449,0.342,0.393,0.541,4.45,1.41,0.275,,,0.2,,,0.2697333333333333,3.876666666666667,,,,22.8,3,0,0.38,0.0,0.0,0,0,0,0.0,0.0,0.25,0.4692832756496873,0.691916881840551,0.5289347004907481,0.4453875562574989,0.6499999999999999,0.513467764045987,3,Brandon Nimmo,Texas Rangers,1,1.0,0.0,0.0,0.0,1.0,1.0,4.0,4.0,1.0,3.0,0.0,1.0,home_run,2026-08-10T22:18:54Z,1.0,0.0,,,,,,,,,,,,,,,,,,,,,,,,,,,,,0.1417319958011515,0.1417319958011515,1,0,1,0.7432215681859643,1
2026-08-09,822862,Baltimore Orioles @ Texas Rangers,Texas Rangers,Baltimore Orioles,Ezequiel Duran,677649,3,R,Cade Povich,L,0.274,0.329,0.454,0.272,0.368,0.407,4.45,1.41,0.275,,,0.2,,,0.2720666666666666,3.876666666666667,,,,25.0,3,0,0.38,0.0,0.0,0,0,0,0.0,0.01,0.5,0.4675767910109611,0.5710350638715124,0.5289347004907481,0.4484609411565872,0.6499999999999999,0.5237083172885906,2,Ezequiel Duran,Texas Rangers,0,0.0,0.0,0.0,0.0,0.0,0.0,4.0,5.0,1.0,1.0,1.0,0.0,no_hit,2026-08-10T22:18:54Z,0.0,1.0,,,,,,,,,,,,,,,,,,,,,,,,,,,,,0.161859930002222,0.161859930002222,0,0,1,0.023679643306275925,0
2026-08-09,822862,Baltimore Orioles @ Texas Rangers,Texas Rangers,Baltimore Orioles,Wyatt Langford,694671,1,R,Cade Povich,L,0.262,0.317,0.481,0.233,0.282,0.466,4.45,1.41,0.275,,,0.2,,,0.2737999999999999,3.876666666666667,,,,25.0,3,0,0.38,0.0,0.0,0,0,0,0.0,0.01,1.0,0.4470989753462475,0.5077480510350224,0.5289347004907481,0.4507440270816243,0.6499999999999999,0.6082290269682237,1,Wyatt Langford,Texas Rangers,1,1.0,1.0,0.0,0.0,0.0,0.0,3.0,4.0,1.0,0.0,0.0,0.0,single_only,2026-08-10T22:18:54Z,1.0,0.0,,,,,,,,,,,,,,,,,,,,,,,,,,,,,0.5035259977462561,0.5035259977462561,1,0,1,0.6781200999295472,1
2026-08-09,823020,Colorado Rockies @ St. Louis Cardinals,St. Louis Cardinals,Colorado Rockies,Iván Herrera,671056,2,R,Michael Lorenzen,R,0.247,0.358,0.388,0.239,0.341,0.373,6.77,1.86,0.338,,,0.315,,,0.2429333333333333,6.949333333333333,,,,20.2,-11,0,1.27,0.0,0.0,0,0,1,0.02,0.0,0.75,0.4215017057653555,0.5151922068354285,0.7593089068633603,0.5365462879142835,0.6499999999999999,0.6220726669550077,3,Iván Herrera,St. Louis Cardinals,1,4.0,4.0,0.0,0.0,0.0,0.0,5.0,5.0,1.0,1.0,0.0,0.0,multi_hit,2026-08-10T22:18:54Z,2.0,0.0,,,,,,,,,,,,,,,,,,,,,,,,,,,,,0.5800533623582008,0.5800533623582008,1,1,1,0.999247162499975,1
2026-08-09,823020,Colorado Rockies @ St. Louis Cardinals,St. Louis Cardinals,Colorado Rockies,Alec Burleson,676475,3,R,Michael Lorenzen,R,0.282,0.349,0.472,0.326,0.402,0.558,6.77,1.86,0.338,,,0.315,,,0.2843999999999999,6.949333333333333,,,,20.3,-11,0,1.27,0.0,0.0,0,0,1,0.02,0.0,0.5,0.4812286681207702,0.6859324662757679,0.7593089068633603,0.5911647281209391,0.6499999999999999,0.6229504978460909,2,Alec Burleson,St. Louis Cardinals,1,1.0,0.0,0.0,0.0,1.0,1.0,4.0,5.0,2.0,1.0,1.0,0.0,home_run,2026-08-10T22:18:54Z,0.0,1.0,,,,,,,,,,,,,,,,,,,,,,,,,,,,,0.5846708260468105,0.5846708260468105,1,0,1,0.5111469945759788,1
2026-08-09,823020,Colorado Rockies @ St. Louis Cardinals,St. Louis Cardinals,Colorado Rockies,JJ Wetherholt,802139,1,R,Michael Lorenzen,R,0.245,0.35,0.382,0.251,0.36,0.396,6.77,1.86,0.338,,,0.315,,,0.2506666666666667,6.949333333333333,,,,25.0,-11,0,1.27,0.0,0.0,0,0,1,0.02,0.01,1.0,0.4180887364879032,0.5432805184725409,0.7593089068633603,0.5467323635798333,0.6499999999999999,0.6706226562141182,1,JJ Wetherholt,St. Louis Cardinals,1,2.0,1.0,1.0,0.0,0.0,1.0,3.0,5.0,2.0,2.0,2.0,0.0,multi_hit_xbh,2026-08-10T22:18:54Z,0.0,1.0,,,,,,,,,,,,,,,,,,,,,,,,,,,,,0.7691305110488195,0.7691305110488195,1,1,1,0.4377894947866565,0
2026-08-09,823104,Tampa Bay Rays @ Seattle Mariners,Seattle Mariners,Tampa Bay Rays,Taylor Ward,621493,1,R,Ian Seymour,L,0.243,0.376,0.339,0.261,0.4,0.409,4.27,1.13,0.216,,,0.202,,,0.2474666666666666,4.61,,,,19.2,6,0,1.49,0.0,0.0,0,0,0,0.0,0.0,1.0,0.4146757672104509,0.5769207781478178,0.4598818441246776,0.4462397697354587,0.6499999999999999,0.6141307132346765,1,Taylor Ward,Seattle Mariners,1,1.0,0.0,0.0,1.0,0.0,1.0,5.0,5.0,1.0,0.0,0.0,0.0,triple,2026-08-10T22:18:54Z,1.0,0.0,,,,,,,,,,,,,,,,,,,,,,,,,,,,,0.5368308018232938,0.5368308018232938,1,0,1,0.9075990185345577,1
2026-08-09,823104,Tampa Bay Rays @ Seattle Mariners,Tampa Bay Rays,Seattle Mariners,Yandy Díaz,650490,1,R,Emerson Hancock,R,0.293,0.365,0.447,0.294,0.367,0.435,3.33,1.07,0.223,,,0.227,,,0.3018,3.114,,,,14.2,13,0,0.96,0.0,0.0,0,1,0,-0.03,0.0,1.0,0.4999999991467577,0.6003636352463017,0.4344540492317972,0.4562363158951112,0.6499999999999999,0.5338625709653811,3,Yandy Díaz,Tampa Bay Rays,1,4.0,4.0,0.0,0.0,0.0,0.0,5.0,5.0,1.0,1.0,0.0,0.0,multi_hit,2026-08-10T22:18:54Z,0.0,1.0,,,,,,,,,,,,,,,,,,,,,,,,,,,,,0.1849984557102025,0.1849984557102025,1,1,1,0.4948510776114629,0
2026-08-09,823104,Tampa Bay Rays @ Seattle Mariners,Seattle Mariners,Tampa Bay Rays,Cole Young,702284,2,R,Ian Seymour,L,0.263,0.322,0.409,0.25,0.307,0.346,4.27,1.13,0.216,,,0.202,,,0.2606,4.61,,,,25.0,6,0,1.49,0.0,0.0,0,0,0,0.0,0.01,0.75,0.4488054599849737,0.5008064925686232,0.4598818441246776,0.4635385361674703,0.6499999999999999,0.5376969568046797,2,Cole Young,Seattle Mariners,1,2.0,2.0,0.0,0.0,0.0,0.0,4.0,4.0,0.0,1.0,0.0,1.0,multi_hit,2026-08-10T22:18:54Z,1.0,0.0,,,,,,,,,,,,,,,,,,,,,,,,,,,,,0.194693426340078,0.194693426340078,1,1,0,0.7206705143014813,1
2026-08-09,823190,Detroit Tigers @ San Francisco Giants,Detroit Tigers,San Francisco Giants,Gleyber Torres,650402,2,R,Logan Webb,R,0.261,0.378,0.392,0.304,0.385,0.433,3.74,1.11,0.23,,,0.208,,,0.2698,4.0073333333333325,,,,25.0,10,0,2.48,0.0,0.0,0,1,0,-0.03,0.01,0.75,0.4453924907075214,0.6185038949480786,0.4476638887445863,0.4508530881245566,0.6499999999999999,0.4815531035790789,3,Gleyber Torres,Detroit Tigers,0,0.0,0.0,0.0,0.0,0.0,0.0,4.0,4.0,0.0,0.0,0.0,1.0,no_hit,2026-08-10T22:18:54Z,0.0,1.0,,,,,,,,,,,,,,,,,,,,,,,,,,,,,0.0943677874834714,0.0943677874834714,0,0,0,0.3524847116128734,0
2026-08-09,823190,Detroit Tigers @ San Francisco Giants,Detroit Tigers,San Francisco Giants,Kevin McGonigle,805808,1,R,Logan Webb,R,0.287,0.392,0.431,0.302,0.416,0.462,3.74,1.11,0.23,,,0.208,,,0.2844,4.0073333333333325,,,,25.0,10,0,2.48,0.0,0.0,0,1,0,-0.03,0.01,1.0,0.4897610913144009,0.6407558429645432,0.4476638887445863,0.4700836964931379,0.6499999999999999,0.5400006818384823,1,Kevin McGonigle,Detroit Tigers,1,1.0,1.0,0.0,0.0,0.0,0.0,5.0,5.0,0.0,0.0,0.0,1.0,single_only,2026-08-10T22:18:54Z,1.0,0.0,,,,,,,,,,,,,,,,,,,,,,,,,,,,,0.2007977344936279,0.2007977344936279,1,0,0,0.9903959187473583,1
2026-08-09,823190,Detroit Tigers @ San Francisco Giants,San Francisco Giants,Detroit Tigers,Bryce Eldridge,805811,1,R,Troy Melton,R,0.248,0.342,0.427,0.243,0.348,0.434,1.58,0.91,0.17,,,0.171,,,0.2556666666666666,1.955,,,,25.0,6,0,0.79,0.0,0.0,0,0,0,0.0,0.01,1.0,0.4232081904040816,0.5408883106977993,0.2982116438815707,0.347771270520931,0.6499999999999999,0.4818512614170606,2,Bryce Eldridge,San Francisco Giants,1,1.0,1.0,0.0,0.0,0.0,0.0,4.0,5.0,0.0,0.0,1.0,2.0,single_only,2026-08-10T22:18:54Z,0.0,1.0,,,,,,,,,,,,,,,,,,,,,,,,,,,,,0.0947243287611493,0.0947243287611493,1,0,0,0.051591676306556415,0
2026-08-09,823345,New York Mets @ Pittsburgh Pirates,Pittsburgh Pirates,New York Mets,Jake Mangum,663968,1,R,Sean Manaea,L,0.301,0.354,0.389,0.3,0.352,0.338,4.17,1.33,0.259,,,0.273,,,0.3013333333333333,4.798,,,,21.3,2,0,1.23,0.0,0.0,0,0,0,0.0,0.0,1.0,0.5136518762565668,0.5696077911219078,0.5389792442823579,0.5249283884942253,0.6499999999999999,0.647834979339318,1,Jake Mangum,Pittsburgh Pirates,1,2.0,1.0,0.0,0.0,1.0,1.0,4.0,4.0,1.0,1.0,0.0,1.0,multi_hit_xbh,2026-08-10T22:18:54Z,1.0,0.0,,,,,,,,,,,,,,,,,,,,,,,,,,,,,0.6972940881156963,0.6972940881156963,1,1,1,0.9713032039971349,1
2026-08-09,823345,New York Mets @ Pittsburgh Pirates,Pittsburgh Pirates,New York Mets,Bryan Reynolds,668804,3,R,Sean Manaea,L,0.268,0.379,0.443,0.284,0.369,0.473,4.17,1.33,0.259,,,0.273,,,0.2682666666666666,4.798,,,,29.1,2,0,1.23,0.0,0.0,0,0,0,0.0,0.01,0.5,0.4573378831786043,0.6030233755137246,0.5389792442823579,0.4813741339242876,0.6499999999999999,0.5396557372517816,3,Bryan Reynolds,Pittsburgh Pirates,1,1.0,0.0,1.0,0.0,0.0,1.0,3.0,3.0,0.0,0.0,0.0,0.0,double,2026-08-10T22:18:54Z,1.0,0.0,,,,,,,,,,,,,,,,,,,,,,,,,,,,,0.1998698690576408,0.1998698690576408,1,0,0,0.9647269427619295,1
2026-08-09,823345,New York Mets @ Pittsburgh Pirates,New York Mets,Pittsburgh Pirates,A.J. Ewing,805999,1,R,Jared Jones,R,0.263,0.335,0.399,0.262,0.328,0.386,5.03,1.2,0.23,,,0.2,,,0.2664,5.226923076923077,,,,25.0,5,0,2.0,0.0,0.0,0,0,0,0.0,0.01,1.0,0.4488054599849737,0.5349948041986354,0.5014798557651055,0.4965681957680411,0.6499999999999999,0.5636778871443966,2,A.J. Ewing,New York Mets,0,0.0,0.0,0.0,0.0,0.0,0.0,4.0,6.0,2.0,0.0,2.0,1.0,no_hit,2026-08-10T22:18:54Z,0.0,1.0,,,,,,,,,,,,,,,,,,,,,,,,,,,,,0.2780889498845163,0.2780889498845163,0,0,1,0.17690914942169242,0
2026-08-09,823425,Toronto Blue Jays @ Philadelphia Phillies,Philadelphia Phillies,Toronto Blue Jays,Trea Turner,607208,2,R,Shane Bieber,R,0.249,0.296,0.402,0.268,0.299,0.446,5.48,1.66,0.281,,,0.364,,,0.2474666666666666,6.576666666666668,,,,28.1,7,0,1.96,0.0,0.0,0,0,0,0.0,0.01,0.75,0.4249146750428078,0.5443389600411417,0.6867084622915183,0.5271799562983441,0.6499999999999999,0.5761742721424924,3,Trea Turner,Philadelphia Phillies,0,0.0,0.0,0.0,0.0,0.0,0.0,6.0,6.0,0.0,0.0,0.0,3.0,no_hit,2026-08-10T22:18:54Z,0.0,1.0,,,,,,,,,,,,,,,,,,,,,,,,,,,,,0.3315509162219289,0.3315509162219289,0,0,0,0.7356289368950775,1
2026-08-09,823425,Toronto Blue Jays @ Philadelphia Phillies,Philadelphia Phillies,Toronto Blue Jays,Kyle Schwarber,656941,1,R,Shane Bieber,R,0.247,0.366,0.535,0.222,0.345,0.494,5.48,1.66,0.281,,,0.364,,,0.2469333333333333,6.576666666666668,,,,35.3,7,0,1.96,0.0,0.0,0,0,0,0.0,0.05,1.0,0.4215017057653555,0.5369337652725277,0.6867084622915183,0.5264774683214097,0.6499999999999999,0.5842176002537988,1,Kyle Schwarber,Philadelphia Phillies,1,2.0,0.0,0.0,0.0,2.0,2.0,3.0,6.0,2.0,4.0,3.0,0.0,multi_hit_xbh,2026-08-10T22:18:54Z,2.0,0.0,,,,,,,,,,,,,,,,,,,,,,,,,,,,,0.3708518936260807,0.3708518936260807,1,1,1,0.9996162474503977,1
2026-08-09,823425,Toronto Blue Jays @ Philadelphia Phillies,Toronto Blue Jays,Philadelphia Phillies,Vladimir Guerrero Jr.,665489,2,R,Jesús Luzardo,L,0.262,0.34,0.359,0.276,0.402,0.379,3.32,1.14,0.225,,,0.254,,,0.2622,3.918,,,,20.4,-7,0,1.58,0.0,0.0,0,0,1,0.02,0.0,0.75,0.4470989753462475,0.5835311677335833,0.4583503885324544,0.437166029368689,0.6499999999999999,0.5839628128984354,2,Vladimir Guerrero Jr.,Toronto Blue Jays,1,1.0,0.0,1.0,0.0,0.0,1.0,5.0,5.0,1.0,0.0,0.0,1.0,double,2026-08-10T22:18:54Z,1.0,0.0,,,,,,,,,,,,,,,,,,,,,,,,,,,,,0.3695524074666674,0.3695524074666674,1,0,1,0.9222975420332513,1
2026-08-09,823513,Atlanta Braves @ New York Yankees,New York Yankees,Atlanta Braves,Trent Grisham,663757,1,R,Grant Holmes,R,0.213,0.308,0.391,0.195,0.299,0.364,3.47,1.32,0.237,,,0.254,,,0.2136666666666666,3.8566666666666674,,,,16.6,12,0,1.53,0.0,0.0,0,1,0,-0.03,0.0,1.0,0.3634812280486669,0.44863506411575,0.4931210534301647,0.3707153871409445,0.6499999999999999,0.5007023901291285,2,Trent Grisham,New York Yankees,1,2.0,0.0,1.0,0.0,1.0,2.0,4.0,4.0,1.0,1.0,0.0,0.0,multi_hit_xbh,2026-08-10T22:18:54Z,2.0,0.0,,,,,,,,,,,,,,,,,,,,,,,,,,,,,0.1203387543036838,0.1203387543036838,1,1,1,0.9976669388356126,1
2026-08-09,823513,Atlanta Braves @ New York Yankees,Atlanta Braves,New York Yankees,Drake Baldwin,686948,1,R,Cam Schlittler,R,0.27,0.358,0.451,0.292,0.388,0.489,2.21,0.93,0.196,,,0.192,,,0.2743333333333334,1.922,,,,23.7,11,0,1.15,0.0,0.0,0,1,0,-0.03,0.0,1.0,0.4607508524560566,0.6251155832652662,0.3457294345928747,0.3710002008204639,0.6499999999999999,0.5006477563172484,3,Drake Baldwin,Atlanta Braves,0,0.0,0.0,0.0,0.0,0.0,0.0,4.0,4.0,0.0,0.0,0.0,1.0,no_hit,2026-08-10T22:18:54Z,0.0,1.0,,,,,,,,,,,,,,,,,,,,,,,,,,,,,0.120254915716266,0.120254915716266,0,0,0,0.32100180219979607,0
2026-08-09,823513,Atlanta Braves @ New York Yankees,New York Yankees,Atlanta Braves,Ben Rice,700250,2,R,Grant Holmes,R,0.257,0.35,0.545,0.267,0.374,0.588,3.47,1.32,0.237,,,0.254,,,0.2664,3.8566666666666674,,,,24.2,12,0,1.53,0.0,0.0,0,1,0,-0.03,0.0,0.75,0.4385665521526168,0.623464933951624,0.4931210534301647,0.440173885860341,0.6499999999999999,0.5048286323960065,1,Ben Rice,New York Yankees,0,0.0,0.0,0.0,0.0,0.0,0.0,4.0,4.0,0.0,0.0,0.0,1.0,no_hit,2026-08-10T22:18:54Z,0.0,1.0,,,,,,,,,,,,,,,,,,,,,,,,,,,,,0.1268519022015731,0.1268519022015731,0,0,0,0.3332428293285739,0
2026-08-09,823751,Minnesota Twins @ Milwaukee Brewers,Milwaukee Brewers,Minnesota Twins,Brice Turang,668930,2,R,Connor Prielipp,L,0.274,0.365,0.46,0.209,0.295,0.296,4.79,1.31,0.248,,,0.226,,,0.2690666666666666,4.552666666666667,,,,21.9,-1,0,1.28,0.0,0.0,0,0,0,0.0,0.0,0.75,0.4675767910109611,0.4398714277469977,0.5291307415214231,0.4723309205828616,0.6499999999999999,0.5545567174806056,3,Brice Turang,Milwaukee Brewers,1,1.0,1.0,0.0,0.0,0.0,0.0,4.0,5.0,1.0,0.0,1.0,2.0,single_only,2026-08-10T22:18:54Z,1.0,0.0,,,,,,,,,,,,,,,,,,,,,,,,,,,,,0.2448799719622931,0.2448799719622931,1,0,1,0.9156483951111137,1
2026-08-09,823751,Minnesota Twins @ Milwaukee Brewers,Milwaukee Brewers,Minnesota Twins,Andrew Vaughn,683734,3,R,Connor Prielipp,L,0.3,0.391,0.47,0.382,0.488,0.662,4.79,1.31,0.248,,,0.226,,,0.3040666666666666,4.552666666666667,,,,25.0,-1,0,1.28,0.0,0.0,0,0,0,0.0,0.01,0.5,0.5119453916178407,0.8146779205859586,0.5291307415214231,0.5184316940691869,0.6499999999999999,0.5951734567132945,2,Andrew Vaughn,Milwaukee Brewers,0,0.0,0.0,0.0,0.0,0.0,0.0,2.0,2.0,0.0,0.0,0.0,1.0,no_hit,2026-08-10T22:18:54Z,0.0,1.0,,,,,,,,,,,,,,,,,,,,,,,,,,,,,0.4295175717670974,0.4295175717670974,0,0,0,0.16146907348700498,0
2026-08-09,823751,Minnesota Twins @ Milwaukee Brewers,Milwaukee Brewers,Minnesota Twins,Jackson Chourio,694192,1,R,Connor Prielipp,L,0.275,0.335,0.48,0.302,0.375,0.5,4.79,1.31,0.248,,,0.226,,,0.2757333333333334,4.552666666666667,,,,23.3,-1,0,1.28,0.0,0.0,0,0,0,0.0,0.0,1.0,0.4692832756496873,0.6316558429941431,0.5291307415214231,0.4811120202945427,0.6499999999999999,0.6538199862491441,1,Jackson Chourio,Milwaukee Brewers,1,1.0,0.0,0.0,0.0,1.0,1.0,3.0,5.0,1.0,1.0,2.0,1.0,home_run,2026-08-10T22:18:54Z,1.0,0.0,,,,,,,,,,,,,,,,,,,,,,,,,,,,,0.7187970597543475,0.7187970597543475,1,0,1,0.9405366846830181,1
2026-08-09,823835,Los Angeles Angels @ Miami Marlins,Miami Marlins,Los Angeles Angels,Xavier Edwards,669364,2,R,Grayson Rodriguez,R,0.285,0.366,0.391,0.291,0.372,0.387,7.2,1.62,0.289,,,0.245,,,0.2884666666666666,8.976666666666668,,,,16.1,-8,0,1.77,0.0,0.0,0,0,1,0.02,0.0,0.75,0.4863481220369486,0.5855415573399485,0.6844535489199515,0.6799581844832798,0.6499999999999999,0.6387151816834644,2,Xavier Edwards,Miami Marlins,0,0.0,0.0,0.0,0.0,0.0,0.0,4.0,5.0,1.0,0.0,1.0,2.0,no_hit,2026-08-10T22:18:54Z,0.0,1.0,,,,,,,,,,,,,,,,,,,,,,,,,,,,,0.6603894829612873,0.6603894829612873,0,0,1,0.3587281970044769,0
2026-08-09,823835,Los Angeles Angels @ Miami Marlins,Miami Marlins,Los Angeles Angels,Leo Jiménez,677870,1,R,Grayson Rodriguez,R,0.216,0.312,0.291,0.254,0.363,0.284,7.2,1.62,0.289,,,0.245,,,0.2121333333333333,8.976666666666668,,,,25.0,-8,0,1.77,0.0,0.0,0,0,1,0.02,0.01,1.0,0.3686006819648453,0.5141025964188939,0.6844535489199515,0.5794145927845327,0.6499999999999999,0.6457739026983887,1,Leo Jiménez,Miami Marlins,0,0.0,0.0,0.0,0.0,0.0,0.0,1.0,1.0,0.0,1.0,0.0,0.0,no_hit,2026-08-10T22:18:54Z,0.0,1.0,,,,,,,,,,,,,,,,,,,,,,,,,,,,,0.6894005122004794,0.6894005122004794,0,0,0,0.19510807116835907,0
2026-08-09,823835,Los Angeles Angels @ Miami Marlins,Los Angeles Angels,Miami Marlins,Wade Meckler,685133,1,R,Ryan Gusto,R,0.3,0.364,0.412,0.315,0.378,0.436,4.78,1.33,0.256,,,0.236,,,0.3006666666666666,5.592666666666667,,,,25.0,-5,0,1.12,0.0,0.0,0,0,1,0.02,0.01,1.0,0.5119453916178407,0.6266181806452732,0.5401850840324424,0.5567556013647385,0.6499999999999999,0.6272234105757617,3,Wade Meckler,Los Angeles Angels,1,1.0,1.0,0.0,0.0,0.0,0.0,4.0,5.0,1.0,0.0,1.0,2.0,single_only,2026-08-10T22:18:54Z,0.0,1.0,,,,,,,,,,,,,,,,,,,,,,,,,,,,,0.6065956714023873,0.6065956714023873,1,0,1,0.3215103734795518,0
2026-08-09,824078,Chicago Cubs @ Kansas City Royals,Kansas City Royals,Chicago Cubs,Bobby Witt Jr.,677951,2,R,Matthew Boyd,L,0.285,0.355,0.451,0.326,0.381,0.526,3.59,1.21,0.247,,,0.258,,,0.285,5.552142857142856,,,,24.8,18,0,0.4,0.0,0.0,0,1,0,-0.03,0.0,0.75,0.4863481220369486,0.6658324663063679,0.4891697818775881,0.5344522180407139,0.6499999999999999,0.5783768838459754,2,Bobby Witt Jr.,Kansas City Royals,0,0.0,0.0,0.0,0.0,0.0,0.0,3.0,4.0,0.0,0.0,1.0,1.0,no_hit,2026-08-10T22:18:54Z,0.0,1.0,,,,,,,,,,,,,,,,,,,,,,,,,,,,,0.3419474010114928,0.3419474010114928,0,0,0,0.25896264488999365,0
2026-08-09,824078,Chicago Cubs @ Kansas City Royals,Kansas City Royals,Chicago Cubs,Nick Loftin,679845,1,R,Matthew Boyd,L,0.244,0.327,0.393,0.284,0.372,0.4,3.59,1.21,0.247,,,0.258,,,0.2500666666666666,5.552142857142856,,,,25.0,18,0,0.4,0.0,0.0,0,1,0,-0.03,0.01,1.0,0.4163822518491771,0.5826233755326247,0.4891697818775881,0.4884392555515054,0.6499999999999999,0.5906726667791583,1,Nick Loftin,Kansas City Royals,0,0.0,0.0,0.0,0.0,0.0,0.0,4.0,4.0,0.0,0.0,0.0,2.0,no_hit,2026-08-10T22:18:54Z,0.0,1.0,,,,,,,,,,,,,,,,,,,,,,,,,,,,,0.4048207791071365,0.4048207791071365,0,0,0,0.1815202285971387,0
2026-08-09,824078,Chicago Cubs @ Kansas City Royals,Chicago Cubs,Kansas City Royals,Pete Crow-Armstrong,691718,1,R,Randy Dobnak,R,0.285,0.387,0.542,0.277,0.371,0.557,2.0,1.33,0.248,,,0.256,,,0.2855999999999999,1.987142857142857,,,,28.3,-3,0,2.28,0.0,0.0,0,0,0,0.0,0.01,1.0,0.4863481220369486,0.622405193683101,0.44806509810775,0.3885212805249244,0.6499999999999999,0.5532990199318388,3,Pete Crow-Armstrong,Chicago Cubs,1,1.0,0.0,1.0,0.0,0.0,1.0,5.0,6.0,2.0,0.0,1.0,2.0,double,2026-08-10T22:18:54Z,0.0,1.0,,,,,,,,,,,,,,,,,,,,,,,,,,,,,0.24066052353223,0.24066052353223,1,0,1,0.7072177302612178,1
2026-08-09,824564,Cleveland Guardians @ Chicago White Sox,Cleveland Guardians,Chicago White Sox,Steven Kwan,680757,1,R,Davis Martin,R,0.265,0.365,0.33,0.285,0.377,0.356,4.17,1.33,0.266,,,0.27,,,0.2545333333333333,3.024666666666667,,,,8.6,-6,0,2.1,0.0,0.0,0,0,1,0.02,0.0,1.0,0.4522184292624259,0.5728974015127424,0.5405313490118828,0.3903017138547417,0.6499999999999999,0.5989290121599616,1,Steven Kwan,Cleveland Guardians,1,2.0,2.0,0.0,0.0,0.0,0.0,5.0,5.0,1.0,0.0,0.0,2.0,multi_hit,2026-08-10T22:18:54Z,1.0,0.0,,,,,,,,,,,,,,,,,,,,,,,,,,,,,0.4505826632578527,0.4505826632578527,1,1,1,0.9659235798519386,1
2026-08-09,824564,Cleveland Guardians @ Chicago White Sox,Chicago White Sox,Cleveland Guardians,Brenton Doyle,686668,1,R,Joey Cantillo,L,0.22,0.288,0.283,0.213,0.302,0.277,3.91,1.48,0.263,,,0.267,,,0.2086,3.8606666666666665,,,,25.0,7,0,0.9,0.0,0.0,0,0,0,0.0,0.01,1.0,0.3754266205197498,0.4415675316333685,0.5484822005909018,0.3642063754683304,0.6499999999999999,0.5845674994058622,2,Brenton Doyle,Chicago White Sox,1,2.0,1.0,1.0,0.0,0.0,1.0,5.0,5.0,1.0,0.0,0.0,0.0,multi_hit_xbh,2026-08-10T22:18:54Z,1.0,0.0,,,,,,,,,,,,,,,,,,,,,,,,,,,,,0.3726419386498227,0.3726419386498227,1,1,1,0.8704291381076174,1
2026-08-09,824564,Cleveland Guardians @ Chicago White Sox,Chicago White Sox,Cleveland Guardians,Munetaka Murakami,808959,2,R,Joey Cantillo,L,0.24,0.372,0.545,0.202,0.327,0.404,3.91,1.48,0.263,,,0.267,,,0.2397333333333333,3.8606666666666665,,,,25.0,7,0,0.9,0.0,0.0,0,0,0,0.0,0.01,0.75,0.4095563132942725,0.4814532458791739,0.5484822005909018,0.4052141111218806,0.6499999999999999,0.5506900883153462,3,Munetaka Murakami,Chicago White Sox,1,1.0,0.0,1.0,0.0,0.0,1.0,4.0,5.0,0.0,1.0,1.0,2.0,double,2026-08-10T22:18:54Z,1.0,0.0,,,,,,,,,,,,,,,,,,,,,,,,,,,,,0.2321698412399676,0.2321698412399676,1,0,0,0.9476754384543068,1
2026-08-09,824724,Athletics @ Boston Red Sox,Boston Red Sox,Athletics,Ceddanne Rafaela,678882,2,R,J.T. Ginn,R,0.285,0.325,0.464,0.29,0.328,0.448,3.41,1.21,0.213,,,0.171,,,0.2842666666666666,3.1566666666666663,,,,24.2,-9,0,1.53,0.0,0.0,0,0,1,0.02,0.0,0.75,0.4863481220369486,0.5808675313937308,0.422597610603051,0.4348980141415343,0.6499999999999999,0.5222308681505781,3,Ceddanne Rafaela,Boston Red Sox,0,0.0,0.0,0.0,0.0,0.0,0.0,5.0,5.0,0.0,0.0,0.0,0.0,no_hit,2026-08-10T22:18:54Z,0.0,1.0,,,,,,,,,,,,,,,,,,,,,,,,,,,,,0.1587713867142598,0.1587713867142598,0,0,0,0.02267867925866322,0
2026-08-09,824724,Athletics @ Boston Red Sox,Boston Red Sox,Athletics,Nick Sogard,686765,1,R,J.T. Ginn,R,0.26,0.372,0.356,0.286,0.407,0.408,3.41,1.21,0.213,,,0.171,,,0.2645333333333333,3.1566666666666663,,,,25.0,-9,0,1.53,0.0,0.0,0,0,1,0.02,0.01,1.0,0.4436860060687952,0.60447142743906,0.422597610603051,0.4089059589949586,0.6499999999999999,0.5642330338899241,2,Nick Sogard,Boston Red Sox,0,0.0,0.0,0.0,0.0,0.0,0.0,5.0,5.0,0.0,0.0,0.0,0.0,no_hit,2026-08-10T22:18:54Z,0.0,1.0,,,,,,,,,,,,,,,,,,,,,,,,,,,,,0.2802644532987953,0.2802644532987953,0,0,0,0.03764826685218241,0
2026-08-09,824724,Athletics @ Boston Red Sox,Athletics,Boston Red Sox,Henry Bolte,703607,1,R,Erik Miller,L,0.257,0.335,0.357,0.255,0.324,0.408,2.5,1.36,0.202,,,0.177,,,0.2520666666666666,3.185333333333333,,,,25.0,1,0,0.81,0.0,0.0,0,0,0,0.0,0.01,1.0,0.4385665521526168,0.5327766223926116,0.4085297061519082,0.3936651086433368,0.6499999999999999,0.5698028337402258,1,Henry Bolte,Athletics,1,2.0,1.0,1.0,0.0,0.0,1.0,5.0,5.0,1.0,0.0,0.0,2.0,multi_hit_xbh,2026-08-10T22:18:54Z,2.0,0.0,,,,,,,,,,,,,,,,,,,,,,,,,,,,,0.3031124388260964,0.3031124388260964,1,1,1,0.8424617407769621,1
2026-08-09,825050,Los Angeles Dodgers @ Arizona Diamondbacks,Los Angeles Dodgers,Arizona Diamondbacks,Shohei Ohtani,660271,1,R,Eduardo Rodriguez,L,0.18,0.257,0.262,0.307,0.369,0.593,2.71,1.24,0.241,,,0.238,,,0.2895333333333333,2.420666666666667,,,,29.9,-4,0,0.0,0.0,0.0,0,0,0,0.0,0.01,1.0,0.3071672349707044,0.6614259728318316,0.4488454969113439,0.411544246993279,0.6499999999999999,0.6167417793303529,1,Shohei Ohtani,Los Angeles Dodgers,0,0.0,0.0,0.0,0.0,0.0,0.0,4.0,4.0,0.0,0.0,0.0,2.0,no_hit,2026-08-10T22:18:54Z,1.0,0.0,,,,,,,,,,,,,,,,,,,,,,,,,,,,,0.5512954568384956,0.5512954568384956,0,0,0,0.6912529494666351,1
2026-08-09,825050,Los Angeles Dodgers @ Arizona Diamondbacks,Arizona Diamondbacks,Los Angeles Dodgers,Geraldo Perdomo,672695,1,R,Justin Wrobleski,L,0.244,0.358,0.377,0.237,0.336,0.316,3.31,1.07,0.228,,,0.22,,,0.2373333333333333,2.5933333333333337,,,,12.2,14,0,1.4,0.0,0.0,0,1,0,-0.03,0.0,1.0,0.4163822518491771,0.4936441549136932,0.4323342973779707,0.3498945102575245,0.6499999999999999,0.5405955044804431,3,Geraldo Perdomo,Arizona Diamondbacks,1,1.0,1.0,0.0,0.0,0.0,0.0,3.0,4.0,0.0,0.0,1.0,0.0,single_only,2026-08-10T22:18:54Z,1.0,0.0,,,,,,,,,,,,,,,,,,,,,,,,,,,,,0.2024094097778075,0.2024094097778075,1,0,0,0.9431223124784113,1
2026-08-09,825050,Los Angeles Dodgers @ Arizona Diamondbacks,Los Angeles Dodgers,Arizona Diamondbacks,Andy Pages,681624,2,R,Eduardo Rodriguez,L,0.27,0.336,0.458,0.285,0.373,0.512,2.71,1.24,0.241,,,0.238,,,0.2673333333333333,2.420666666666667,,,,22.8,-4,0,0.0,0.0,0.0,0,0,0,0.0,0.0,0.75,0.4607508524560566,0.6176974014699423,0.4488454969113439,0.3823031849533813,0.6499999999999999,0.561423477183896,2,Andy Pages,Los Angeles Dodgers,1,2.0,1.0,1.0,0.0,0.0,1.0,4.0,4.0,0.0,1.0,0.0,2.0,multi_hit_xbh,2026-08-10T22:18:54Z,2.0,0.0,,,,,,,,,,,,,,,,,,,,,,,,,,,,,0.2694404685590291,0.2694404685590291,1,1,0,0.9884392228354578,1
